# GeneMark.hmm-2 LST format
# GeneMark.hmm-2 prokaryotic version: 1.25_lic
# File with sequence: scaffolds.fasta
# File with native parameters: GMS2.mod
# Native species name and build: unspecified GeneMarkS-2-1.14_1.25_lic
# File with MetaGeneMark parameters: /content/gms2_linux_64/mgm_11.mod
# translation table: 11
# output date start: Fri Oct 25 12:09:01 2024

# sequence-region 1 3875544
SequenceID: scaffold1_cov273
     1   +    575    1237     663 native TAGAGG 5 1
     2   +    1238    1942     705 native ACGAGT 8 1
     3   -    1958    2920     963 native TGGAGA 10 1
     4   -    2917    3765     849 native TGGTTG 2 1
     5   +    3892    4239     348 native AGGTGC 3 1
     6   +    4232    4642     411 native TCGATA 3 1
     7   +    4642    5547     906 native AGGCCG 7 1
     8   +    5689    6855    1167 native AGGACA 8 1
     9   +    6877    7782     906 native AGGAAC 4 1
    10   -    7794    8885    1092 native AGGAAG 5 1
    11   -    9027    10505    1479 native AGGAGC 5 1
    12   +    10627    12177    1551 native TGGTAC 6 1
    13   +    12231    13151     921 native AGAAGT 5 1
    14   -    13338    14858    1521 native AGGGGC 7 1
    15   -    14919    15659     741 native AGGAAC 11 1
    16   +    16069    18345    2277 native AGGCAC 7 1
    17   +    18455    19585    1131 native AAGAGA 12 1
    18   +    19585    20106     522 native CGGTGA 12 1
    19   +    20191    20664     474 native CAGAGG 6 1
    20   -    20671    21684    1014 native AGGAAG 8 1
    21   +    21793    22266     474 native AGGTTA 8 1
    22   +    22403    22747     345 native AGGACC 8 1
    23   +    22756    23130     375 native AGGAAT 4 1
    24   -    23145    23384     240 native AGGGCA 4 1
    25   -    23558    23938     381 native AGGGGT 5 1
    26   -    23948    24403     456 native CGGAAA 7 1
    27   -    24607    25452     846 native CGGAGC 9 1
    28   -    25442    25798     357 native CGGAGG 6 1
    29   -    25791    26573     783 native AGGATG 6 1
    30   -    26785    27804    1020 native AGGCTT 3 1
    31   -    27817    30093    2277 native AGGAGC 6 1
    32   -    30106    30882     777 native AGGTTG 4 1
    33   -    30899    31273     375 atypical TGGACA 5 1
    34   -    31392    32126     735 native AGGCCT 5 1
    35   -    32130    32948     819 native CGGAGT 10 1
    36   -    32955    34334    1380 native GTGAGT 7 1
    37   -    34347    36551    2205 native CGGAAT 5 1
    38   -    36587    36826     240 atypical AGGGAT 9 1
    39   -    37141    38286    1146 native CGGAGC 4 1
    40   -    38297    39073     777 native TGGTAC 7 1
    41   -    39087    39356     270 native GGGAGG 4 1
    42   -    39366    40178     813 native TGGCCA 7 1
    43   -    40175    40693     519 native TGGTGA 6 1
    44   -    40668    41210     543 native AGGAGA 5 1
    45   -    41223    42191     969 native AGGAAG 4 1
    46   -    42200    42733     534 native AGGAGA 9 1
    47   -    42985    44334    1350 native TGGAGA 5 1
    48   -    44400    44735     336 native AGGAGA 7 1
    49   -    44761    46476    1716 native AGAAGT 7 1
    50   -    46489    46794     306 native TGGAGT 7 1
    51   -    46857    47909    1053 native GAGAGG 4 1
    52   -    47918    48571     654 native CGGTGA 8 1
    53   -    48580    49428     849 atypical AAGAGT 11 1
    54   -    49435    51816    2382 native AGGGCT 6 1
    55   -    51910    52419     510 native AGGAAT 6 1
    56   -    52431    54515    2085 native TGGGGT 8 1
    57   -    54522    54884     363 native GGGAGT 6 1
    58   -    54909    55196     288 native GAGAGT 7 1
    59   -    55281    55742     462 native CGGATA 7 1
    60   -    55739    57070    1332 native CGGAAT 6 1
    61   -    57057    58103    1047 native ATGATG 4 1
    62   -    58105    59130    1026 native GGGTGA 9 1
    63   -    59123    59560     438 native AGAAAG 5 1
    64   -    59535    60845    1311 native TGGGTT 5 1
    65   -    60857    61294     438 native AGGGTA 5 1
    66   -    61445    62803    1359 native AGGAAA 5 1
    67   -    62835    64046    1212 native TTGAGG 5 1
    68   -    64417    65871    1455 native AGGAAA 11 1
    69   -    66122    66583     462 native AGGAGA 4 1
    70   +    66862    68898    2037 native AGGTGC 5 1
    71   -    68883    69566     684 native CGGATG 6 1
    72   -    69682    71205    1524 native AGGGTG 4 1
    73   -    71273    72205     933 native ACGTGC 7 1
    74   +    72561    72755     195 native TGGAGT 11 1
    75   -    72940    76893    3954 native AGGTGA 3 1
    76   -    77017    77400     384 native AGGTGA 3 1
    77   -    77464    81048    3585 native AGGAGA 6 1
    78   -    81844    82485     642 native GGGATA 11 1
    79   -    82457    84670    2214 native ACGATT 7 1
    80   -    84683    85234     552 native GGGAAG 5 1
    81   -    85311    86510    1200 native AGGGGA 5 1
    82   -    87046    88449    1404 native AGGAGT 5 1
    83   -    88706    90124    1419 native AGGAGG 5 1
    84   -    90168    91334    1167 native TGGAGT 10 1
    85   -    91390    92271     882 native TCGAGT 7 1
    86   -    92268    92828     561 native AAGAGA 6 1
    87   -    93015    93884     870 native GGGATG 11 1
    88   -    93881    94951    1071 native GGGTGG 5 1
    89   +    95542    95958     417 native GGGACA 4 1
    90   +    95955    96254     300 native AAGAAC 7 1
    91   -    96589    97440     852 native AGCAGG 4 1
    92   +    97823    98098     276 native TTGCGT 5 1
    93   -    98242    99759    1518 native CGGTGC 3 1
    94   -    100254    100559     306 atypical ATGAAA 4 1
    95   -    100598    100870     273 atypical ATGAAA 5 1
    96   -    100878    101621     744 atypical AAGTGA 14 1
    97   -    101636    101974     339 native AGGAAG 11 1
    98   +    102153    102572     420 native AAGATC 4 1
    99   +    102569    102874     306 native AAGAAG 4 1
   100   -    103328    103813     486 native AGGATG 6 1
   101   -    103881    104900    1020 atypical AGGTAG 4 1
   102   -    104905    106068    1164 atypical AGGGGG 6 1
   103   -    106065    107132    1068 atypical AGGTTA 3 1
   104   -    107140    108195    1056 atypical AGGTTT 5 1
   105   -    108167    109144     978 atypical TTGTTG 5 1
   106   -    109329    109835     507 atypical AAGAGT 6 1
   107   -    110090    111379    1290 atypical AGGAGC 5 1
   108   -    111564    113102    1539 native CAGAGG 5 1
   109   -    113105    114955    1851 native TGGATA 9 1
   110   -    115027    116013     987 native AGGAAT 6 1
   111   -    116044    116658     615 native AGGAGA 6 1
   112   +    117132    117803     672 native AGGATA 6 1
   113   +    118068    119423    1356 native AGGATG 4 1
   114   +    119420    120079     660 native CGGAGC 11 1
   115   -    120269    121507    1239 native AGGAGC 5 1
   116   -    121517    124498    2982 native AGGAGA 6 1
   117   -    124501    125562    1062 native AGGAGA 5 1
   118   -    125714    126172     459 native AGGACG 4 1
   119   -    126546    126848     303 native CGGAGT 10 1
   120   -    126845    127942    1098 native AGGTAA 4 1
   121   -    128335    129012     678 native AGGAGG 6 1
   122   -    129031    129816     786 native AGGAGC 6 1
   123   -    129830    130576     747 native CGGGGA 5 1
   124   -    131086    134706    3621 native CGGAGA 6 1
   125   -    134728    135516     789 native AGGAGC 5 1
   126   -    135527    135976     450 native CGGAGA 6 1
   127   -    135979    136386     408 native GAGAGT 5 1
   128   -    136566    137384     819 native TGGAGC 7 1
   129   -    137412    138341     930 native CGGAGA 7 1
   130   +    138416    139159     744 native AAGCGC 7 1
   131   +    139223    139555     333 native AGGAGT 5 1
   132   +    139569    140039     471 native AGGCTA 5 1
   133   +    140063    140797     735 native TGGAAA 7 1
   134   +    140979    141536     558 atypical TGGATT 6 1
   135   +    141536    141742     207 native AGGTGA 4 1
   136   +    141739    141906     168 atypical AAGAGA 7 1
   137   +    142025    142162     138 native CGGAGA 4 1
   138   +    142267    144789    2523 native TGGGGA 3 1
   139   +    144867    146366    1500 native AAGAGA 10 1
   140   +    146363    148201    1839 atypical CAGAGA 7 1
   141   +    148212    152111    3900 atypical AGGACA 5 1
   142   +    152111    152968     858 atypical CGGAAA 11 1
   143   -    152972    153451     480 atypical TGGCTT 4 1
   144   -    153451    154494    1044 native CGGAGG 4 1
   145   -    155248    155919     672 native AGGTCA 3 1
   146   +    156015    157103    1089 native CCGAGA 6 1
   147   +    157115    158005     891 native GGGAGT 4 1
   148   +    158011    158628     618 native AGGGTA 6 1
   149   -    158648    159109     462 native TGGATC 10 1
   150   -    159106    159816     711 native TGGTGC 9 1
   151   -    159809    161047    1239 native AGGACA 7 1
   152   +    161408    163924    2517 native AGGTAT 5 1
   153   +    164049    164369     321 native AGGGAT 5 1
   154   +    164369    164821     453 native TGGAGG 7 1
   155   +    164818    165654     837 atypical GAGAGC 6 1
   156   -    165651    166607     957 native TGGAGG 9 1
   157   +    167029    167748     720 native AGGTCT 6 1
   158   -    168154    170268    2115 native AGGTAT 5 1
   159   -    170389    171384     996 native TGGAGG 6 1
   160   -    171386    172402    1017 native TGGGGG 4 1
   161   +    173593    174972    1380 native AGGAGA 8 1
   162   +    175073    175489     417 native CGGAAG 6 1
   163   -    175542    177107    1566 native AGGGGT 3 1
   164   -    177130    179940    2811 native AGGAAT 6 1
   165   +    180131    180994     864 native AGGATT 11 1
   166   +    181025    181831     807 native AAGACA 5 1
   167   -    182687    183547     861 native AGCAGA 5 1
   168   -    183694    184047     354 native AGGAGC 6 1
   169   -    184059    184799     741 native TGGTTT 6 1
   170   -    184856    185380     525 atypical CGGAGT 8 1
   171   -    185405    185656     252 native CGGAGT 11 1
   172   -    185825    186163     339 native CCGAGA 7 1
   173   -    186210    186731     522 native AGGCCG 5 1
   174   +    186950    188689    1740 native TGGTGA 3 1
   175   -    188739    189911    1173 native TGGCTA 7 1
   176   +    190038    190844     807 native AAGCAT 4 1
   177   -    190941    191471     531 native AGGGTT 5 1
   178   +    192072    192797     726 native AGGAAT 4 1
   179   -    192866    192991     126 atypical AGGGAA 5 1
   180   -    193031    193252     222 native TTGAGT 6 1
   181   -    193439    197314    3876 native TGGAGT 9 1
   182   +    197643    199082    1440 native AGGAAA 4 1
   183   -    199100    199621     522 native AGCTGA 5 1
   184   +    199730    200125     396 native ACGAGT 7 1
   185   -    200160    201998    1839 native GGGAAT 5 1
   186   -    201991    202539     549 native CGGGCG 4 1
   187   -    202539    202898     360 native AAGATG 5 1
   188   -    202999    204627    1629 native AGGGGC 5 1
   189   -    204746    205249     504 native AGGGGC 8 1
   190   +    205560    207257    1698 native AGGACC 4 1
   191   +    207349    207726     378 native AGGACG 6 1
   192   -    207734    209509    1776 native AGGCAG 8 1
   193   -    209712    209924     213 native AGGATA 5 1
   194   -    210357    210842     486 native CGGACA 8 1
   195   -    211036    213384    2349 native CGGAAA 7 1
   196   -    213508    214668    1161 native AGGAAA 5 1
   197   -    214695    215744    1050 native TGGGGA 5 1
   198   +    216097    216513     417 native AGGAGA 5 1
   199   -    216559    217041     483 native TGGATA 4 1
   200   -    217166    218569    1404 native AAGAGG 7 1
   201   -    218634    219509     876 native GGGAGG 6 1
   202   -    219506    220912    1407 native AGGTGA 4 1
   203   +    221112    222065     954 native AGGCAA 12 1
   204   -    222135    222713     579 native AGGAAT 4 1
   205   -    222759    223430     672 native TGGGGA 7 1
   206   -    223483    224094     612 native AGGAAG 4 1
   207   +    224291    224872     582 native AGGCAG 5 1
   208   -    224888    225796     909 native AGGTGT 6 1
   209   -    225783    229196    3414 native AGGGGC 10 1
   210   +    229471    230724    1254 native AGGCTA 4 1
   211   +    230798    231724     927 native GGGAGA 6 1
   212   +    231738    232922    1185 native AGGAGT 8 1
   213   +    232909    233673     765 native AGGAGC 6 1
   214   +    233684    234373     690 native AGGATA 5 1
   215   +    234397    235443    1047 native AGGAGC 5 1
   216   +    235460    236533    1074 native CGGACG 6 1
   217   +    236526    237758    1233 native AGGAGA 6 1
   218   +    237774    238148     375 native AGGGGA 7 1
   219   -    238514    240397    1884 native AGGTGA 4 1
   220   +    240645    240926     282 native AGGAGT 7 1
   221   -    240953    243625    2673 native TGGAGT 6 1
   222   +    243927    244184     258 atypical GGGTGA 6 1
   223   +    244184    244909     726 native ACGCTG 5 1
   224   -    244978    245220     243 native CGGAGA 2 1
   225   -    245249    245560     312 native AGGAGT 6 1
   226   +    245676    245957     282 native CGGAGA 5 1
   227   -    246095    247267    1173 native AGGAGC 4 1
   228   -    247277    249043    1767 native AGGCCA 6 1
   229   -    249103    249348     246 native AGGAGC 7 1
   230   +    249516    250559    1044 native AGGCTA 6 1
   231   -    250560    251588    1029 native ATAATT 4 1
   232   -    251595    252320     726 native AGGCTG 4 1
   233   -    252400    254193    1794 native CGCACA 7 1
   234   -    254442    255968    1527 native TGGAGC 6 1
   235   -    255961    256686     726 native CCGAGA 12 1
   236   -    256679    257353     675 native AGGTTT 6 1
   237   +    257570    258739    1170 native GGGAAC 4 1
   238   +    258806    259408     603 native AGGAGG 4 1
   239   +    259408    260145     738 native AGGAGA 5 1
   240   -    260172    262616    2445 native CGGAGA 7 1
   241   -    262613    263506     894 native GGGAGA 7 1
   242   -    263506    265023    1518 native TGGCAA 6 1
   243   +    265167    266537    1371 native AGGATG 3 1
   244   +    266643    267464     822 native CGGATG 7 1
   245   +    267531    267827     297 native TAGTGA 4 1
   246   -    267839    268777     939 native AGGCGT 5 1
   247   +    269239    270927    1689 native AGGGAT 6 1
   248   +    271042    272139    1098 native AGGAAA 5 1
   249   -    272210    274312    2103 native AGGAAG 9 1
   250   -    274513    274782     270 native AGGAGT 8 1
   251   -    274867    275841     975 native AGGATA 3 1
   252   -    275863    276261     399 native AGGAAA 7 1
   253   -    276350    278899    2550 native AGGAGA 5 1
   254   -    278926    280422    1497 native AGGCTA 4 1
   255   -    280445    280903     459 native AGGAGT 5 1
   256   -    281278    281676     399 native AGGTAG 3 1
   257   -    281704    282447     744 native AGGGGA 4 1
   258   -    282545    283879    1335 native AGGAGA 5 1
   259   -    283872    284714     843 native AGGACG 5 1
   260   -    284834    286756    1923 native TGGTGC 5 1
   261   -    286829    287449     621 native TGGAGC 10 1
   262   +    287548    287853     306 native CCGAAT 4 1
   263   +    288007    289125    1119 native AGGTTT 9 1
   264   +    289257    289775     519 native AGGAGA 7 1
   265   -    289790    290593     804 native AGGCCG 5 1
   266   +    290714    291733    1020 native TGGAAC 7 1
   267   -    291814    292290     477 native GGGAGA 5 1
   268   -    292323    295541    3219 native AGGATT 9 1
   269   -    295558    296706    1149 native GGGAAT 5 1
   270   +    297269    297880     612 native AGGATG 4 1
   271   +    298021    298761     741 native AGAAAA 5 1
   272   -    298821    299624     804 native TGGAAC 6 1
   273   -    299763    300899    1137 native AGGTGA 4 1
   274   -    301113    303023    1911 native TGGAGA 8 1
   275   -    303143    303715     573 native AGGATA 5 1
   276   +    303866    305539    1674 native TGGAGC 7 1
   277   -    305629    306033     405 native AGGAAG 3 1
   278   +    306123    306521     399 native AAGAGA 13 1
   279   -    306584    306880     297 native ATGAGA 3 1
   280   -    306873    307304     432 native AGGTAA 4 1
   281   -    307332    308825    1494 native AGGATA 5 1
   282   +    308935    309417     483 native CAGTTA 11 1
   283   -    309966    313253    3288 native GGGATT 5 1
   284   -    313395    314342     948 atypical AGGAGA 10 1
   285   -    314392    314997     606 native AAGAAT 8 1
   286   -    315198    317162    1965 atypical AGGATA 4 1
   287   -    317461    318453     993 native AGGAGG 7 1
   288   -    318450    319865    1416 atypical AGGAAG 4 1
   289   -    320091    322460    2370 native CGGAAC 10 1
   290   -    322770    324674    1905 native TGGAAT 4 1
   291   +    325255    326988    1734 native CCGTAG 5 1
   292   +    327163    328947    1785 native CCGCTC 7 1
   293   +    329020    329694     675 native GGGAGG 6 1
   294   +    329691    330128     438 native AGCGTA 7 1
   295   +    330118    330558     441 native AGGTGA 5 1
   296   +    330555    331346     792 native TGGCGA 7 1
   297   +    331349    332146     798 native TGGGGA 6 1
   298   +    332227    333678    1452 native ACGACA 6 1
   299   +    333755    334870    1116 native CGGTGA 3 1
   300   +    334888    335568     681 native AGGAGC 5 1
   301   -    335583    336584    1002 native CGGAGA 5 1
   302   +    336676    337794    1119 native AGGAGT 6 1
   303   +    337971    338930     960 native AGAAGG 6 1
   304   -    339101    340528    1428 native AGGAGA 5 1
   305   -    340552    340992     441 native AGGATG 4 1
   306   -    341037    342200    1164 native AGGTAT 9 1
   307   -    342277    344073    1797 native CGGAGA 7 1
   308   -    344073    345350    1278 native AAGTGA 7 1
   309   +    345452    345736     285 native TTGTGT 2 1
   310   +    345794    347323    1530 native TTGTAT 4 1
   311   +    347541    348935    1395 native AGGAAT 5 1
   312   -    348910    350010    1101 native AGGGGT 6 1
   313   -    350000    350683     684 native AGGTAG 10 1
   314   -    350687    351478     792 native ATGTTT 7 1
   315   -    351592    352107     516 native TGGATC 6 1
   316   +    352332    353777    1446 native AGCAGG 3 1
   317   -    353810    355327    1518 native AGGTTT 6 1
   318   +    355703   >356116     414 native AAGAAT 8 1
   319   +   <356311    357147     837 atypical
   320   +    357144    357623     480 atypical CGGTGA 4 1
   321   +    358037    358453     417 atypical AGGGCT 6 1
   322   -    359238    359567     330 native AGGTAA 8 1
   323   -    359867    360778     912 native AGGAGG 6 1
   324   -    360798    362567    1770 native AGGAAA 4 1
   325   +    362762    363727     966 native AGAAGG 5 1
   326   +    363758    364159     402 native CGGAAA 6 1
   327   +    364544    365560    1017 native AGGAGT 8 1
   328   +    365557    366426     870 native CGGAAC 5 1
   329   +    366423    367838    1416 native TGGAGG 6 1
   330   +    367865    368827     963 native GGGAAG 5 1
   331   +    368827    369276     450 native AGGATG 7 1
   332   +    369273    370076     804 native GGGAGA 5 1
   333   +    370073    371335    1263 native AGGATT 7 1
   334   +    371332    372198     867 native GGGAGT 9 1
   335   +    372195    373448    1254 native AGGAGT 7 1
   336   +    373460    374005     546 native AGGTTT 4 1
   337   +    374011    374709     699 native AGGTCG 8 1
   338   +    374743    376785    2043 native TCGAGT 6 1
   339   +    376981    377949     969 native GAGAGT 6 1
   340   +    377981    378811     831 native AGGAGC 2 1
   341   +    379028    379669     642 native AGGTGA 3 1
   342   +    379653    381122    1470 native CTGATC 6 1
   343   +    381131    384178    3048 native CGGATA 2 1
   344   -    384175    385584    1410 native AAGAAC 11 1
   345   -    385584    386069     486 native AGGAGA 6 1
   346   +    386180    387211    1032 native TGGAAA 5 1
   347   +    387276    388184     909 native ATAATC 5 1
   348   +    388210    390216    2007 native CGGAAT 9 1
   349   -    390313    390552     240 native TCGACC 6 1
   350   +    390618    392381    1764 native CGGAAC 4 1
   351   +    392398    392970     573 native AAGAGC 7 1
   352   -    392988    394934    1947 native AGCAGG 4 1
   353   +    395221    396423    1203 native AGGATC 3 1
   354   +    396760    397917    1158 native TGGAAT 11 1
   355   -    397998    398318     321 native GAGAGT 6 1
   356   +    398526    400559    2034 native AGGAAA 5 1
   357   +    400712    402613    1902 native AGGAAA 5 1
   358   -    402661    403005     345 native AGGATG 3 1
   359   +    403124    404395    1272 native TGGAGT 7 1
   360   -    404416    406197    1782 native ATGAGT 6 1
   361   -    406474    408060    1587 native AGGATT 5 1
   362   +    408489    409349     861 native AGGAGG 7 1
   363   -    409379    413011    3633 native TAGAGG 5 1
   364   -    413125    413790     666 native AGGTGG 6 1
   365   -    413962    414402     441 native GGGAAA 4 1
   366   -    414511    416493    1983 native AGGAAG 7 1
   367   -    416506    417186     681 native TCGAAT 4 1
   368   +    417391    417846     456 native GGGAAT 5 1
   369   +    417851    418741     891 native AGGTTT 6 1
   370   +    418750    421092    2343 native AAGGGT 4 1
   371   +    421266    422231     966 native TGGTCC 4 1
   372   +    422228    422545     318 native AGGAAC 7 1
   373   +    422616    424217    1602 native ATGACA 7 1
   374   +    424242    425531    1290 native TAGAGT 5 1
   375   +    425561    427945    2385 native GGGAAC 7 1
   376   -    427947    429440    1494 native AGGAAA 4 1
   377   +    429564    430214     651 native CGGAGG 4 1
   378   -    430566    431057     492 native CGGAGC 10 1
   379   -    431060    432784    1725 native AGGATA 5 1
   380   -    433123    433854     732 native AGGTGA 9 1
   381   -    433854    434816     963 native TAGAGA 4 1
   382   +    434951    435772     822 native AGGAAC 7 1
   383   -    436040    437662    1623 native AGGGTA 10 1
   384   +    437748    439265    1518 native TGGTGG 4 1
   385   +    439424    440785    1362 native AGGAAA 8 1
   386   +    440889    441446     558 native AGGAGA 6 1
   387   +    441559    442080     522 native CGGAGC 4 1
   388   +    442077    445487    3411 atypical AGGGCC 6 1
   389   +    445504    445992     489 atypical AGGGTT 5 1
   390   +    445980    446555     576 native TGGAGG 4 1
   391   +    446552    447409     858 atypical TGGTGT 7 1
   392   +    447437    447877     441 atypical CGGACA 8 1
   393   -    447985    448932     948 native TGGAGG 6 1
   394   -    448922    449365     444 native AGGAGA 8 1
   395   -    449418    449930     513 native CCGTCA 9 1
   396   -    449930    452824    2895 native AAGTGA 6 1
   397   -    452848    453801     954 native GGGAGC 4 1
   398   -    453968    455542    1575 native CGGAGA 5 1
   399   -    455635    455901     267 native AGGAGC 5 1
   400   -    456024    456863     840 native GGGAGC 9 1
   401   -    456921    458060    1140 native AGCAGA 8 1
   402   -    458125    459327    1203 native AGGAAA 3 1
   403   -    459405    459665     261 native AGGAGA 6 1
   404   -    459756    460067     312 native CGGAGA 8 1
   405   +    460278    461246     969 native AGGCTC 6 1
   406   +    461290    463116    1827 native AGGACG 5 1
   407   +    463212    463655     444 native CGGAGC 5 1
   408   -    463652    464791    1140 native CGGGGA 5 1
   409   +    465020    465262     243 native AGGAGA 6 1
   410   -    465330    466295     966 native CGGAGA 5 1
   411   -    466285    466962     678 native TGGTGA 5 1
   412   -    466963    467235     273 native AGGTAT 4 1
   413   -    467381    468520    1140 native AGGAAT 3 1
   414   -    468727    469923    1197 native CGGGGG 4 1
   415   +    470044    470250     207 native TGGGGT 4 1
   416   -    470261    470716     456 native AGAATA 4 1
   417   -    470713    471723    1011 native TGGAGA 6 1
   418   +    471843    472184     342 native CGGAGG 6 1
   419   +    472175    472429     255 native TGGAGG 4 1
   420   -    472410    473036     627 native GGGAAT 5 1
   421   +    473094    473963     870 native AAGAAA 6 1
   422   -    474016    475002     987 native AGGAGG 9 1
   423   -    474992    475930     939 native TGGATT 9 1
   424   +    476048    477304    1257 native AGGTAT 7 1
   425   +    477288    477932     645 native TGGGTA 3 1
   426   +    477939    478295     357 native TCGATA 7 1
   427   +    478292    478759     468 native AGGAAA 9 1
   428   +    478769    480622    1854 native AGGTTC 4 1
   429   +    480622    481767    1146 native CGGAAG 4 1
   430   +    481781    482743     963 native AGGATG 6 1
   431   +    482770    483510     741 native TTGTGT 3 1
   432   -    483605    483775     171 native CGGACT 9 1
   433   -    483969    484268     300 native TGGAGG 6 1
   434   -    484312    485472    1161 native CGGCAT 4 1
   435   -    485543    486241     699 native AGGAGC 5 1
   436   -    486545    486979     435 native GGGAGA 7 1
   437   -    487014    487265     252 native AGGAGA 5 1
   438   -    487359    487874     516 native AGGAGC 4 1
   439   -    488041    488241     201 native CAGAGA 6 1
   440   +    488458    489459    1002 native AGGATT 5 1
   441   +    489607    490734    1128 native TGGTGC 4 1
   442   +    490997    491242     246 native AGGGTA 4 1
   443   -    491310    492020     711 native AGGAGA 5 1
   444   +    492199    492717     519 native AGAAGT 5 1
   445   +    492746    493489     744 native TGGAGA 6 1
   446   -    493515    493970     456 native GGGAGG 5 1
   447   -    494020    494364     345 native AGGTGA 6 1
   448   +    494458    495324     867 native CGGTAG 5 1
   449   +    495482    496507    1026 native CGGTAA 4 1
   450   +    496667    497869    1203 native CAGCGC 6 1
   451   +    497820    498401     582 native AGGAGA 6 1
   452   -    498447    499526    1080 native AGGAGA 5 1
   453   +    499719    500072     354 native AGGAAC 5 1
   454   +    500069    500851     783 native TGGTTG 7 1
   455   +    500890    501696     807 native AGGAAT 7 1
   456   +    501698    501958     261 native CGGAGG 5 1
   457   +    501955    502479     525 native CCGACA 4 1
   458   +    502557    502886     330 native TGGAAG 5 1
   459   -    502913    504037    1125 native AACAAT 5 1
   460   -    504191    504586     396 native ACGAGA 5 1
   461   -    504659    505726    1068 native AGGAGA 5 1
   462   -    505759    505938     180 native TGGGGG 6 1
   463   +    506268    506876     609 native AGGTAT 4 1
   464   +    507001    507654     654 native AGGAGT 4 1
   465   +    507757    509385    1629 native CGGAGT 6 1
   466   -    509389    512505    3117 native AGGGGA 6 1
   467   -    512498    513838    1341 native AGGAAA 6 1
   468   -    513831    515051    1221 native CGGAGT 5 1
   469   -    515266    515661     396 native CCGAGT 5 1
   470   -    515724    516098     375 native AGGAAG 4 1
   471   -    516188    516622     435 native AAGATA 8 1
   472   +    516761    517291     531 native AGGAAA 6 1
   473   +    517465    518547    1083 native CGGAGA 6 1
   474   +    518544    519968    1425 native TGGAAC 4 1
   475   -    520165    523005    2841 native CGGCTA 9 1
   476   -    523093    525438    2346 native ACGAGT 6 1
   477   -    525734    526111     378 native CGGATA 7 1
   478   -    526113    526478     366 atypical CGGATT 4 1
   479   -    526510    527307     798 native AGGGGA 7 1
   480   -    527307    527789     483 atypical AGGTGA 7 1
   481   -    527806    528273     468 native CGGTTG 7 1
   482   -    528277    528744     468 atypical AGGAGT 6 1
   483   -    528775    529275     501 native AGGTTT 10 1
   484   -    529372    530595    1224 native AGGGGC 7 1
   485   -    530595    532310    1716 native AGGCGT 11 1
   486   -    532314    533348    1035 native AGGTCT 4 1
   487   -    533358    534242     885 native CGGAGA 7 1
   488   -    534245    535855    1611 native AGGAAT 6 1
   489   -    535866    536192     327 native AGGACA 6 1
   490   -    536185    536850     666 native CGGGGG 7 1
   491   -    536847    537497     651 native AGGAGG 11 1
   492   -    537481    538419     939 native GTGAGG 5 1
   493   +    538538    539002     465 native AGAAGC 6 1
   494   -    539116    539688     573 native TGGAAC 7 1
   495   -    539795    540046     252 native TGGAGC 6 1
   496   +    540244    540516     273 atypical TAATTA 5 1
   497   +    540941    541246     306 atypical AGGAGA 5 1
   498   +    541452    541958     507 atypical AGGAAC 9 1
   499   +    541963    542166     204 atypical AGGATT 7 1
   500   +    542156    542317     162 atypical AGGAGA 5 1
   501   -    543301    543774     474 native AGGACT 5 1
   502   -    543792    544205     414 native ACGATG 6 1
   503   +    544387    545931    1545 native GAGTGT 6 1
   504   +    545935    547062    1128 native TGGCGA 7 1
   505   +    547156    548532    1377 native CGGAAT 3 1
   506   +    548533    549348     816 native CGGAGG 5 1
   507   -    549382    552036    2655 native GGGAAT 6 1
   508   -    552227    553495    1269 native AGGAGA 8 1
   509   -    553470    554882    1413 native AGAATA 6 1
   510   -    555067    556032     966 native AGGATA 4 1
   511   -    556068    558458    2391 native AAGAAA 11 1
   512   +    558533    558874     342 native AGGAAA 5 1
   513   +    559025    559828     804 native AGGACT 4 1
   514   -    560064    560822     759 native AGGCGC 5 1
   515   -    560819    561811     993 native TTGATT 6 1
   516   +    561901    562233     333 native TAGAGA 6 1
   517   -    562273    563811    1539 native TAGAGG 5 1
   518   -    563992    564837     846 native TTGAGA 5 1
   519   -    564904    565617     714 native TGGAGA 6 1
   520   -    565607    566779    1173 native AGGCCA 5 1
   521   +    566957    567391     435 native AGGCAG 7 1
   522   +    567476    568375     900 native CGGATA 8 1
   523   +    568467    568649     183 native ACGTGG 5 1
   524   +    568639    571569    2931 native AGCAGC 12 1
   525   +    571566    572975    1410 native TGGAAC 7 1
   526   +    574541    575890    1350 native CAGAGA 12 1
   527   +    575895    576389     495 native CGGAGT 6 1
   528   +    576463    577272     810 native CGGAGA 6 1
   529   +    577269    578129     861 native CGGATT 6 1
   530   +    578237    578617     381 native AGGGTT 4 1
   531   +    578782    580440    1659 native AGGGAT 4 1
   532   +    580544    581548    1005 native CGGAAA 5 1
   533   +    581560    582183     624 native AAGAGA 6 1
   534   +    582191    582736     546 native CTGAGG 5 1
   535   +    582739    583482     744 native TGGAAA 7 1
   536   -    583812    584669     858 native ACGAGC 7 1
   537   -    584753    584995     243 native GGGAGT 5 1
   538   +    585318    585419     102 native TGGAAG 5 1
   539   +    585753    586046     294 native AGGAGG 5 1
   540   +    586286    586903     618 native TCGTGT 10 1
   541   -    586919    587428     510 native ACGCTC 7 1
   542   -    587746    588174     429 atypical AGGGGA 4 1
   543   -    588171    589055     885 atypical TTGACG 5 1
   544   -    589112    589738     627 native GGGAAT 11 1
   545   -    590215    590535     321 atypical AGGCAT 7 1
   546   -    590630    592312    1683 native AAGAGT 12 1
   547   -    593102    593899     798 native AGGATC 6 1
   548   -    594028    595545    1518 native AGGACT 5 1
   549   -    595718    596569     852 native ACGAGG 4 1
   550   -    596596    597717    1122 native TGGAGC 5 1
   551   +    597819    598685     867 native CAGAGG 5 1
   552   +    598744    600267    1524 native TAGTGG 5 1
   553   -    600338    600796     459 native AGGAGC 4 1
   554   -    601256    602548    1293 native AAGATT 5 1
   555   -    602572    603738    1167 native AGGCTG 4 1
   556   -    604072    604941     870 native GGGAGG 7 1
   557   -    604941    606131    1191 native TGGAGT 5 1
   558   -    606250    607563    1314 native AGGAGC 7 1
   559   -    607581    607835     255 native AGGAGA 5 1
   560   -    607980    608957     978 native AGGGGA 8 1
   561   -    608960    610846    1887 native AAGACT 4 1
   562   -    610899    612209    1311 native AGGAGC 10 1
   563   -    612264    612752     489 native TTGATA 5 1
   564   -    612752    614272    1521 native CAGACC 7 1
   565   +    614428    615498    1071 native ACGTGA 10 1
   566   -    615917    616459     543 native ATGAGT 7 1
   567   +    616559    617587    1029 native CGGTAA 9 1
   568   -    617662    618687    1026 native AGGTGC 10 1
   569   -    618687    619538     852 native AGGATT 7 1
   570   +    619684    621408    1725 native ACAAAC 6 1
   571   +    621462    622301     840 native AAGCGA 6 1
   572   +    622312    623169     858 native AGGAAT 5 1
   573   +    623174    624088     915 native TGGAGT 6 1
   574   +    624199    624717     519 native AAGAGG 7 1
   575   +    624714    626213    1500 native TGGAAG 7 1
   576   +    626210    626800     591 native AGGAAT 6 1
   577   -    626835    627794     960 native AGGATA 9 1
   578   -    627814    628380     567 native TGGATA 5 1
   579   +    628420    629439    1020 native AGGAAT 10 1
   580   +    629591    631411    1821 native AGCAGG 5 1
   581   +    631536    633641    2106 native CTGAGG 5 1
   582   -    633689    634897    1209 native AGGTGA 5 1
   583   -    634932    635102     171 atypical TGGGGA 6 1
   584   +    635239    636579    1341 native AGGTCG 4 1
   585   +    636879    637886    1008 native CGGCGT 4 1
   586   +    637898    638323     426 native AGGAAA 6 1
   587   -    638366    638923     558 native AGGCGT 4 1
   588   -    638937    641768    2832 native AGCAGT 11 1
   589   -    641837    642517     681 native AGGAGC 6 1
   590   +    642792    644162    1371 native AGCAAT 4 1
   591   +    644146    644811     666 native AGGAGA 5 1
   592   +    644969    646270    1302 atypical AAGAGT 10 1
   593   +    646260    647816    1557 atypical CCGAGA 9 1
   594   +    647800    649860    2061 atypical AGGAGA 9 1
   595   +    649853    650296     444 atypical AAGAAC 4 1
   596   +    650737    651330     594 native AGGTAA 4 1
   597   +    651327    652169     843 atypical AGGAGG 7 1
   598   +    652169    653707    1539 native AGGACA 7 1
   599   +    653697    654848    1152 atypical AGGAGC 6 1
   600   +    654863    656212    1350 atypical AGGAGG 5 1
   601   +    656258    656491     234 atypical AGGAGT 4 1
   602   +    656454    657797    1344 atypical AGGAAA 5 1
   603   +    657807    658415     609 atypical TAGAGA 6 1
   604   +    658808    661177    2370 atypical AGGATA 9 1
   605   +    661177    662496    1320 native AGGTAA 9 1
   606   +    662493    662711     219 atypical AGGAAG 6 1
   607   +    662852    663754     903 atypical AGCATT 6 1
   608   +    663751    665046    1296 atypical AGGAGT 6 1
   609   +    665046    666074    1029 atypical AGGGTT 8 1
   610   +    666071    667729    1659 atypical AGGCGG 5 1
   611   +    667734    668330     597 atypical TGGAGG 12 1
   612   +    668331    671648    3318 native AGGGAC 10 1
   613   +    671655    672407     753 native TGGTTT 10 1
   614   +    673114    674142    1029 atypical TGGAAA 7 1
   615   -    674167    674883     717 native AGGTTA 11 1
   616   -    675012    675323     312 native CGGTGA 4 1
   617   +    675580    675999     420 atypical AGGCAG 4 1
   618   -    675996    676613     618 native TCGTGT 10 1
   619   -    676853    677146     294 native AGGAGG 5 1
   620   +    677250    680117    2868 atypical CGGTAT 10 1
   621   -    680378    681706    1329 atypical TTGAAA 5 1
   622   -    681748    682320     573 atypical TGGTAC 4 1
   623   -    683177    684145     969 native GGGAAT 4 1
   624   -    684224    685003     780 atypical CGGACA 3 1
   625   -    685247    686143     897 native CGGAGT 4 1
   626   -    686230    686892     663 native AGGAAT 4 1
   627   -    686904    687641     738 native AGGTTT 4 1
   628   -    687667    688692    1026 native CAGAGA 9 1
   629   -    688723    689205     483 native AGGAGT 4 1
   630   -    689224    689925     702 native TGGCAG 10 1
   631   -    689942    690292     351 native TGGTTT 5 1
   632   +    690458    691648    1191 native AGAAAA 7 1
   633   -    691677    692456     780 atypical AGGAAA 6 1
   634   -    692494    693543    1050 atypical AGGACG 4 1
   635   -    693672    693842     171 atypical AGGAAA 4 1
   636   +    694231    695121     891 native AGGAAT 8 1
   637   +    695547    698363    2817 native CGGAGA 5 1
   638   -    698556    699137     582 native TGGAGT 5 1
   639   -    699307    699783     477 atypical TGGTGA 4 1
   640   -    699921    700418     498 atypical AGGATT 4 1
   641   -    700572    700943     372 native AAGCGC 6 1
   642   -    700982    702274    1293 native TGGAGA 5 1
   643   -    702328    703950    1623 native CGGACC 4 1
   644   +    704380    705312     933 native AGGACT 7 1
   645   +    705354    706286     933 native AGGAAC 4 1
   646   -    706308    707531    1224 atypical AGGAGG 5 1
   647   -    707866    708627     762 native GCGAGC 5 1
   648   +    708695    709873    1179 native AGGGAA 9 1
   649   -    709942    711018    1077 native AAGAGT 7 1
   650   -    711292    712596    1305 native AGGAAG 5 1
   651   -    712614    713264     651 native AGGATC 9 1
   652   -    713304    714566    1263 native AAGAGC 5 1
   653   -    714576    714809     234 native TAGAGC 4 1
   654   -    714928    715236     309 native AGGTTA 5 1
   655   -    715241    715699     459 native AGGAGG 9 1
   656   -    715702    716484     783 native AGGAGG 6 1
   657   -    716484    717296     813 native AGGTTT 7 1
   658   +    717500    718456     957 native AGGAGC 11 1
   659   +    718463    719440     978 native CGGCTT 8 1
   660   +    719440    720009     570 native AGGCGT 6 1
   661   +    719993    720586     594 native AAGACT 4 1
   662   +    720567    721292     726 native AGGCCA 3 1
   663   +    721427    722932    1506 native AGGTAA 13 1
   664   +    722972    723274     303 atypical AGGAGA 6 1
   665   +    723279    723737     459 native AGGCTA 5 1
   666   +    723759    724634     876 native AGGAAT 8 1
   667   +    724638    724907     270 native AGGCCA 7 1
   668   +    725016    726371    1356 native CAGAGC 6 1
   669   +    726389    726901     513 native CGGTAT 9 1
   670   -    727072    727863     792 native CGGACG 7 1
   671   -    727863    731843    3981 native AGGGCG 4 1
   672   -    731852    733303    1452 native GGGTGA 5 1
   673   -    733309    733881     573 native CGGATG 8 1
   674   -    733881    734357     477 native AGGAGA 4 1
   675   -    734354    735172     819 native AGGGCA 7 1
   676   -    735404    736441    1038 native AGGAAC 8 1
   677   +    736569    736856     288 native TGGAGT 6 1
   678   +    736875    738335    1461 native AGGACT 3 1
   679   +    738348    739799    1452 native AGGATT 5 1
   680   -    739848    741356    1509 atypical TGGCTT 6 1
   681   -    741404    741598     195 atypical AGGGGC 6 1
   682   +    742320    742571     252 atypical AGGAAA 6 1
   683   +    742568    742828     261 atypical GAGAGA 9 1
   684   -    742833    743060     228 atypical CCGAGA 4 1
   685   +    743508    743765     258 native TGGAGA 5 1
   686   +    743771    744070     300 native AGGCCT 7 1
   687   -    744104    744823     720 native AGGAAG 5 1
   688   -    744857   >744952      96 atypical
   689   -    745239    745586     348 native AGGAGG 8 1
   690   +    745636    747081    1446 native TTGATT 5 1
   691   +    747101    748312    1212 native AGGGGA 8 1
   692   -    748309    750498    2190 native AGGTAT 8 1
   693   +    750669    751319     651 native TGGAGG 8 1
   694   +    751674    752249     576 native AGGAGA 5 1
   695   +    752320    753021     702 native AGGAGA 7 1
   696   +    753027    753590     564 native CGGAGT 7 1
   697   +    753778    754383     606 atypical CGGAGC 6 1
   698   -    754481    755047     567 native AGGGCG 4 1
   699   -    755224    755646     423 native ATGCGC 5 1
   700   -    755646    756245     600 native TGGCGA 11 1
   701   -    756368    757126     759 native CGGGGG 9 1
   702   -    757129    758361    1233 native AGGAGA 7 1
   703   -    758361    758957     597 native GGGAGA 8 1
   704   -    759178    759573     396 native TGGGAT 3 1
   705   -    759575    760006     432 atypical AGGCGA 7 1
   706   -    760152    760463     312 native CGGAGA 5 1
   707   -    760582    762171    1590 native TCGAGT 4 1
   708   -    762259    764364    2106 native AGGAAC 4 1
   709   -    764637    771479    6843 native AGGATG 10 1
   710   -    771885    774773    2889 native AGGATG 9 1
   711   -    774855   >777218    2364 native
   712   -   <777612    779435    1824 atypical AGAATA 5 1
   713   -    779533    781584    2052 native AGGAAT 3 1
   714   -    781994    782878     885 native TGGTCA 9 1
   715   +    783118    783846     729 native AAGAGG 2 1
   716   +    784259    784747     489 native AGGAAT 6 1
   717   +    784901    786787    1887 native TGGTGA 7 1
   718   +    786799    787383     585 native TTGAGA 5 1
   719   +    787387    787680     294 native AGGAGG 8 1
   720   +    787747    789078    1332 atypical AGGAAT 3 1
   721   +    789081    789821     741 atypical AGGGGA 5 1
   722   +    789821    790582     762 atypical ATGATC 7 1
   723   -    790634    792250    1617 native AGGATG 9 1
   724   -    792397    795057    2661 native AGGAAA 7 1
   725   -    795120    796259    1140 native CGGAGA 9 1
   726   -    796223    798055    1833 native CGGAGT 8 1
   727   -    798056    798535     480 native AGGTAA 8 1
   728   -    798537    800057    1521 native AGGGAA 5 1
   729   -    800123    801607    1485 native AGGAGC 6 1
   730   -    801607    802125     519 native AGGAGT 5 1
   731   -    802185    803438    1254 native AGGATT 7 1
   732   -    803576    804253     678 native AAGAGG 5 1
   733   -    804264    807761    3498 native TGGAGT 4 1
   734   -    807842    808723     882 native AGGAGC 7 1
   735   -    808728    810062    1335 native AGGATG 4 1
   736   -    810154    810690     537 native AGGGAA 4 1
   737   -    810729    812342    1614 native TGGTGG 4 1
   738   +    812619    815225    2607 native TGGGCG 4 1
   739   +    815435    816376     942 native AGGAAG 6 1
   740   +    816380    816835     456 native CAGAGT 6 1
   741   -    816866    818248    1383 native AGGATA 9 1
   742   -    818263    818670     408 native AGGTGT 6 1
   743   +    818853    820691    1839 native AGGCGA 6 1
   744   -    820941    822539    1599 native ATGAAC 3 1
   745   -    822837    823601     765 native AGGAGC 7 1
   746   -    823605    824345     741 native AGGTTT 6 1
   747   -    824394    825038     645 native AGGGGT 4 1
   748   -    825048    825638     591 native CGGAGC 8 1
   749   +    825774    826193     420 native AGGAGA 5 1
   750   +    826308    826937     630 native AGGACT 4 1
   751   +    827345    829756    2412 native TGGTGA 4 1
   752   +    829820    830869    1050 native AGAACA 8 1
   753   +    830889    831155     267 native AGGAAC 7 1
   754   -    831842    834001    2160 native TGGATG 6 1
   755   -    834244    834345     102 native AGGTAA 7 1
   756   -    834631    835497     867 native AGGACG 4 1
   757   -    835506    837494    1989 native AGGATG 5 1
   758   -    837570    838106     537 native AGGGCA 5 1
   759   -    838168    839853    1686 native AGGCGC 11 1
   760   -    840277    841284    1008 native AGGAGT 6 1
   761   +    841417    842640    1224 native TGGACA 9 1
   762   +    842637    843167     531 native ATGAGG 4 1
   763   -    843174    843833     660 native CTGATT 5 1
   764   -    843833    844276     444 native AAGAGG 7 1
   765   -    844288    845061     774 native CGGTGT 9 1
   766   -    845067    846617    1551 native CGGAGA 5 1
   767   -    846688    849093    2406 native CGGTGA 7 1
   768   -    849096    849719     624 native AGGGGA 7 1
   769   -    849761    851329    1569 native AGGGTG 6 1
   770   -    851332    852501    1170 native ACGAGG 7 1
   771   -    858643    859944    1302 native ATGAGA 8 1
   772   +    860094    861371    1278 native AGGACA 11 1
   773   +    861371    862447    1077 native CGGGTC 6 1
   774   -    862457    862948     492 native CGGAGT 4 1
   775   -    862974    863321     348 native TTGAGA 5 1
   776   -    863372    863800     429 native AGGAGA 5 1
   777   -    863787    864542     756 native AGGAGC 6 1
   778   -    864578    865612    1035 native AGGTGA 4 1
   779   +    865724    867463    1740 native AGGACT 3 1
   780   +    867479    867904     426 native AGCAAA 6 1
   781   +    867927    869234    1308 native AAGAGA 5 1
   782   +    869234    869827     594 native CGCTCA 6 1
   783   +    869935    871425    1491 native AGGCTC 3 1
   784   -    871482    871886     405 native AGGAAA 6 1
   785   -    871865    874330    2466 native ACGCCT 6 1
   786   +    874630    875730    1101 native TGGAGT 6 1
   787   +    875912    877045    1134 native TAGAGC 9 1
   788   +    877042    877953     912 native TGGGGT 9 1
   789   +    877953    878777     825 native AGGAGC 7 1
   790   +    878908    881820    2913 native AGGTAA 7 1
   791   +    881872    882801     930 native GTGAGG 5 1
   792   -    882865    883701     837 native AGGATA 6 1
   793   -    884120    886126    2007 native CAGTGG 6 1
   794   -    886245    887021     777 native AGGACA 5 1
   795   -    887124    889331    2208 native ACGAGT 9 1
   796   -    889328    890557    1230 native CGGCAA 4 1
   797   -    890569    891558     990 native AGGAAT 4 1
   798   +    891766    892773    1008 native TGGTTA 11 1
   799   +    892795    894006    1212 native AGGAGT 5 1
   800   +    894068    895450    1383 native AGGACG 6 1
   801   +    895649    896797    1149 native AAGAGG 6 1
   802   +    896790    897824    1035 native AGGTGA 6 1
   803   +    897886    898803     918 native ACGAAC 6 1
   804   +    898815    900026    1212 atypical ATGTAC 6 1
   805   +    900013    900288     276 atypical CGGAGG 5 1
   806   +    900292    901914    1623 atypical CGGAGT 11 1
   807   +    901914    902945    1032 atypical AGGTAA 4 1
   808   -    903078    903686     609 native CTGTGA 4 1
   809   -    903913    904389     477 native TGGGTA 7 1
   810   -    904316    905416    1101 native AGGACG 5 1
   811   -    905417    911758    6342 native GGGAGA 10 1
   812   -    911755    912648     894 native CGGATG 7 1
   813   -    912676    914733    2058 native TGGAGA 7 1
   814   -    914814    915341     528 native CGGTTG 4 1
   815   -    915338    915709     372 native AGGGGT 7 1
   816   -    915746    916126     381 native AGGCCT 4 1
   817   +    916400    917344     945 native CGGAGC 4 1
   818   +    917475    918353     879 native CGGGTA 11 1
   819   +    918353    918910     558 native CGGGCA 7 1
   820   +    918903    919364     462 native AGCAGT 10 1
   821   +    919361    919855     495 native AGGAGA 6 1
   822   +    919925    920923     999 native AAGTAG 6 1
   823   +    920920    922191    1272 native AGGACG 7 1
   824   +    922299    925052    2754 native TACTGA 4 1
   825   +    925199    925327     129 native AGGAGA 6 1
   826   +    925329    926579    1251 native TGGAAA 12 1
   827   +    926601    927431     831 native AGGAAA 7 1
   828   +    927443    928114     672 native AGGAAT 6 1
   829   +    928123    928830     708 native AGGGTT 3 1
   830   -    929218    929490     273 native AGGACT 5 1
   831   -    929735    930223     489 native TGGATC 4 1
   832   +    930313    931563    1251 native TGGATC 6 1
   833   +    931635    931826     192 native AGGACT 6 1
   834   +    931841    932176     336 native TGGAGA 5 1
   835   +    932181    932771     591 native GGGAAC 9 1
   836   +    932836    934740    1905 native AGCATT 7 1
   837   -    934750    937239    2490 native AGGAGA 7 1
   838   -    937236    937952     717 native AGGAAT 9 1
   839   +    937930    938580     651 native AGGTTG 5 1
   840   -    938593    939126     534 native AGGAAG 5 1
   841   +    939302    940378    1077 native AGGAGG 8 1
   842   +    940683    942782    2100 native TAGAGA 5 1
   843   +    942873    943421     549 native TTGATA 3 1
   844   +    943418    948355    4938 native AGGAAG 8 1
   845   +    948375    949235     861 native AGGTGT 5 1
   846   -    949243    949494     252 native AGGAAG 6 1
   847   +    949655    950404     750 native GGGAGG 5 1
   848   +    950404    951033     630 native AGGTAT 9 1
   849   +    951036    952688    1653 native AGGAAT 4 1
   850   +    952801    953178     378 native AGGTTT 6 1
   851   +    953188    953520     333 native AGGAGA 5 1
   852   +    953527    953859     333 native AGAAGT 8 1
   853   +    953884    954132     249 atypical AGGTAA 4 1
   854   +    954132    954479     348 native AGGACA 7 1
   855   +    954476    955222     747 native CCGATA 7 1
   856   -    955243    956124     882 native AGGAAG 4 1
   857   +    956327    958099    1773 native TGGAGT 8 1
   858   +    958145    958825     681 native TGGACT 12 1
   859   -    958924    959292     369 native AGGGAT 5 1
   860   -    959412    960209     798 native TGGACA 6 1
   861   -    960317    961402    1086 native CAGAGT 5 1
   862   -    961406    962065     660 native CGGAGT 5 1
   863   +    962258    963700    1443 native AGGAGC 6 1
   864   +    963716    964264     549 native AGGCGA 8 1
   865   +    964344    965978    1635 native AAGAGA 7 1
   866   +    966184    966666     483 native AGGCCA 4 1
   867   +    966695    966952     258 native CGGAGG 6 1
   868   +    967052    968773    1722 native TGGAGG 8 1
   869   +    968782    969528     747 native AAGTAA 8 1
   870   -    969540    970040     501 native ACGAGA 5 1
   871   -    970115    970924     810 native TGATGT 5 1
   872   -    971034    971192     159 native AGGAGA 6 1
   873   -    971204    971440     237 atypical GGGCGA 6 1
   874   -    971619    972293     675 native GGGAGG 5 1
   875   +    972357    973595    1239 native AAGAGC 3 1
   876   +    973588    974043     456 native CGGAAA 6 1
   877   +    974101    976599    2499 native CGGGGT 5 1
   878   +    976731    977636     906 native AGGAGC 6 1
   879   +    977647    978261     615 native CGGGGT 4 1
   880   -    978285    978956     672 native CGGAGT 6 1
   881   -    978956    979711     756 native TGGTTC 7 1
   882   +    979728    980507     780 native GGGAAC 5 1
   883   -    980623    981339     717 native AGGATT 6 1
   884   +    981444    982337     894 native GGGAGT 5 1
   885   +    982496    982696     201 native TGGTGC 7 1
   886   +    982700    985513    2814 native AGGAGA 10 1
   887   +    985528    986517     990 native AGGAGG 4 1
   888   +    986520    988265    1746 native AGCAAA 6 1
   889   +    988262    989836    1575 native AGGGGA 7 1
   890   +    989833    991701    1869 native CGGAGT 6 1
   891   +    991701    992795    1095 native GGGAAA 6 1
   892   -    993025    994290    1266 native TGGAAG 7 1
   893   -    994287    994592     306 native TGGTTG 5 1
   894   -    995051    996067    1017 native AGGAGG 7 1
   895   -    996086    997435    1350 native AGGTGC 6 1
   896   -    997425    997715     291 native TGGCCT 6 1
   897   +    998058    998861     804 native CGGAGG 5 1
   898   +    998921    999544     624 native GCGATA 9 1
   899   +    999636    999869     234 native AGGACC 4 1
   900   +    999881    1001995    2115 native AAGAGC 7 1
   901   +    1002005    1002388     384 native AGGATT 4 1
   902   -    1002457    1002837     381 native AGGCTA 6 1
   903   -    1003029    1003880     852 native TGGAGG 6 1
   904   +    1004026    1004925     900 native AGGTAA 5 1
   905   +    1004949    1007027    2079 native AAGCCT 4 1
   906   +    1007106    1008509    1404 native AGGACT 6 1
   907   -    1008569    1009360     792 native AGGTAG 4 1
   908   -    1009375    1010646    1272 native AGGAGA 7 1
   909   -    1010676    1011044     369 native AGGATC 7 1
   910   -    1011066    1011464     399 native CAGTGC 4 1
   911   -    1011614    1011886     273 native AGGAAA 6 1
   912   -    1011945    1013102    1158 native CGGAAG 5 1
   913   -    1013196    1013360     165 native AGGTCC 5 1
   914   +    1013634    1014533     900 native AGGAAT 4 1
   915   +    1014687    1015391     705 native TGGCGT 4 1
   916   +    1015396    1016727    1332 native AGGCGT 9 1
   917   -    1016724    1017650     927 native AGGCTG 4 1
   918   -    1017622    1018428     807 native CGGAGG 4 1
   919   +    1018524    1019261     738 native TGGAGA 10 1
   920   -    1019862    1020185     324 native AGGAGC 4 1
   921   +    1020337    1020828     492 native CGGAAG 7 1
   922   +    1021190    1022530    1341 atypical AGGAGG 4 1
   923   +    1022527    1023057     531 atypical GGGAGT 6 1
   924   +    1023811    1024410     600 atypical CGGCTC 5 1
   925   +    1024403    1024831     429 native AGGAGA 8 1
   926   -    1024875    1025192     318 native CGAAGT 4 1
   927   +    1025736    1026443     708 native AGGCCC 4 1
   928   +    1026447    1027703    1257 native AGGGCT 5 1
   929   -    1027787    1028734     948 native TGGAAC 7 1
   930   -    1029054    1029776     723 native AGGGGA 6 1
   931   -    1029788    1030591     804 native TGGATC 7 1
   932   -    1030662    1031942    1281 native CCGAGA 5 1
   933   -    1031935    1033308    1374 native CAGACG 4 1
   934   -    1033404    1034444    1041 native AGGAAA 6 1
   935   +    1034682    1035194     513 native AGGCAC 6 1
   936   +    1035187    1036563    1377 native AGGCGC 8 1
   937   +    1036656    1037051     396 native AGGCCA 5 1
   938   -    1037155    1038024     870 native AGGAGT 5 1
   939   -    1038150    1039193    1044 native GGGAGA 5 1
   940   -    1039186    1039902     717 native AGGCCT 6 1
   941   -    1039921    1041189    1269 native CTGAGA 6 1
   942   +    1041325    1042089     765 native TGGAGC 6 1
   943   +    1042086    1042640     555 native CGGAAT 4 1
   944   -    1042652    1043311     660 native CGGGGG 4 1
   945   -    1043331    1044977    1647 native TGGCCT 4 1
   946   +    1045113    1046018     906 native AAGAGG 7 1
   947   -    1046045    1046662     618 native AGGAAT 4 1
   948   -    1046732    1047082     351 native GAGAGT 6 1
   949   -    1047183    1047380     198 native TGGAGA 9 1
   950   -    1047377    1047985     609 native TGGAGA 5 1
   951   -    1048063    1048914     852 native AGGATA 6 1
   952   -    1048951    1050438    1488 native AGGTTA 8 1
   953   -    1050595    1052043    1449 native AGGATA 7 1
   954   -    1052055    1053428    1374 native TGGGAA 4 1
   955   -    1053487    1054836    1350 native TGGCGG 7 1
   956   -    1054833    1055783     951 native AGGGAA 11 1
   957   -    1055787    1056308     522 native AGCATA 6 1
   958   +    1056425    1057483    1059 native GGGAAT 5 1
   959   +    1057508    1058776    1269 native GGGAGA 5 1
   960   +    1058882    1059427     546 native TTGAGT 7 1
   961   +    1059535    1060488     954 native TGGAGA 5 1
   962   +    1060500    1061327     828 native AGGAGT 5 1
   963   +    1061458    1063314    1857 native TGGAGA 7 1
   964   -    1063385    1064107     723 native AGAAGC 7 1
   965   +    1064348    1065787    1440 native GGGAGA 5 1
   966   -    1065848    1066444     597 native CGGATT 2 1
   967   +    1066703    1067791    1089 atypical AGGTAA 5 1
   968   +    1067830    1068018     189 native AAGAAA 8 1
   969   -    1068101    1069435    1335 native AAGACA 6 1
   970   -    1069455    1071593    2139 native GGGATT 5 1
   971   -    1071904    1072617     714 native TGGAGT 7 1
   972   +    1072716    1073066     351 native AGGAGC 5 1
   973   +    1073076    1073444     369 native AGGTGA 5 1
   974   -    1073524    1074093     570 native CGGAGC 5 1
   975   +    1074172    1076250    2079 native TGGAAG 6 1
   976   +    1076250    1076513     264 native AGGAAG 7 1
   977   -    1076573    1077361     789 native AGGAGA 7 1
   978   +    1077477    1079279    1803 native TGGAGA 6 1
   979   +    1079284    1079886     603 native AGGAAT 6 1
   980   +    1079890    1080954    1065 native CGGACT 7 1
   981   -    1081014    1082132    1119 native GGGAGC 4 1
   982   -    1082448    1083521    1074 atypical GGGATT 5 1
   983   +    1083569    1083868     300 native ACGAGA 6 1
   984   +    1083855    1084211     357 native AGGACT 5 1
   985   +    1084235    1085845    1611 native TGGTAT 11 1
   986   -    1085872    1087623    1752 atypical CGGACC 6 1
   987   -    1087781    1088668     888 native GGGAGA 7 1
   988   +    1088841    1090469    1629 native AGGACA 9 1
   989   +    1090739    1092826    2088 native AGGAAA 6 1
   990   +    1092893    1093162     270 native AGGAGC 2 1
   991   +    1093558    1094199     642 native AGGATA 5 1
   992   +    1094199    1095056     858 native CGGTAA 4 1
   993   +    1095246    1095620     375 native AGGTGA 2 1
   994   +    1095810    1096286     477 native AGGATG 5 1
   995   -    1096290    1097408    1119 native TGGATC 5 1
   996   -    1097464    1098414     951 native TGGTAA 6 1
   997   -    1098421    1098705     285 native AGGCGC 8 1
   998   +    1098858    1101650    2793 native AGGACC 7 1
   999   -    1101682    1103241    1560 native AGGACG 8 1
  1000   +    1104215    1106071    1857 native AGGTTC 4 1
  1001   -    1106135    1106812     678 native ACGTTT 5 1
  1002   +    1106957    1107259     303 native GAGAGA 9 1
  1003   +    1107315    1107920     606 native TGGATC 2 1
  1004   +    1108104    1108736     633 native TGGAAC 4 1
  1005   +    1108739    1109527     789 native CGGCCT 6 1
  1006   +    1109612    1111261    1650 native AGGGGC 5 1
  1007   +    1111335    1112135     801 native ACGAAA 8 1
  1008   +    1112137    1113960    1824 native CGGAGA 8 1
  1009   +    1114121    1114666     546 native AGGAAG 4 1
  1010   +    1114666    1115835    1170 native TGGAGA 6 1
  1011   +    1115828    1116463     636 atypical AGGAGG 5 1
  1012   +    1116463    1118118    1656 atypical AGGAGC 4 1
  1013   +    1118141    1118992     852 native CGGAGT 7 1
  1014   +    1118992    1120656    1665 native CGGGCA 7 1
  1015   +    1120796    1121806    1011 atypical AGGATC 9 1
  1016   +    1122001    1122123     123 native AGGCCA 7 1
  1017   -    1122201    1123106     906 native AGGACT 6 1
  1018   -    1123158    1124633    1476 native AAGAGA 7 1
  1019   -    1124719    1126092    1374 native AGGAAC 3 1
  1020   +    1126199    1126696     498 native GGGCGT 10 1
  1021   +    1126707    1127378     672 native AGGGAA 5 1
  1022   +    1127571    1128665    1095 native TGGATT 5 1
  1023   +    1128689    1129594     906 native AGGAAT 4 1
  1024   +    1129860    1132187    2328 native AGGAGT 6 1
  1025   -    1132247    1134280    2034 native CAGAGA 5 1
  1026   +    1134482    1136089    1608 native CGGTTT 12 1
  1027   -    1136052    1136255     204 native TGGAGC 5 1
  1028   -    1136336    1136953     618 atypical AGGAAC 7 1
  1029   -    1136976    1137206     231 atypical AAGAGC 5 1
  1030   -    1137363    1138880    1518 native AGGAAT 4 1
  1031   +    1139136    1141802    2667 native TGGAGA 5 1
  1032   -    1141815    1142882    1068 native AAGGGA 4 1
  1033   -    1142961    1143731     771 native AGGAAA 5 1
  1034   -    1143747    1144439     693 native TGGCCA 7 1
  1035   -    1144443    1145066     624 native TCGACT 8 1
  1036   -    1145067    1145546     480 native AGGAAG 7 1
  1037   -    1145551    1146363     813 native AGGGTA 8 1
  1038   -    1146479    1147702    1224 native AGGAGA 6 1
  1039   +    1148185    1148994     810 native AGGTGA 4 1
  1040   +    1149079    1150809    1731 native AGGGAA 3 1
  1041   -    1150863    1151771     909 native TGGACT 6 1
  1042   -    1151764    1152735     972 native AGGAGA 7 1
  1043   -    1152732    1154162    1431 native TGAAGT 5 1
  1044   +    1154314    1155579    1266 native TGGATT 3 1
  1045   -    1155667    1156998    1332 native AGGCAC 4 1
  1046   +    1157157    1157771     615 native AGGTAG 7 1
  1047   +    1157938    1158393     456 native ACGAGG 5 1
  1048   +    1158511    1159317     807 native TGGAGG 5 1
  1049   +    1159323    1159955     633 native CGGATA 9 1
  1050   +    1160092    1161981    1890 native CTGAGG 5 1
  1051   +    1161985    1163862    1878 native TCGAGA 11 1
  1052   +    1163985    1166246    2262 native ATGAAA 8 1
  1053   -    1166311    1167132     822 native AGGGCG 5 1
  1054   +    1167379    1167867     489 native AGGCCA 6 1
  1055   +    1167867    1168799     933 native AGGTTT 4 1
  1056   -    1168891    1169907    1017 native AGGAAA 2 1
  1057   +    1170088    1170942     855 native CGGACT 5 1
  1058   +    1171285    1172277     993 native AGGAAT 7 1
  1059   +    1172277    1174349    2073 native AGGAGA 7 1
  1060   +    1174515    1175066     552 native CGGAAT 9 1
  1061   +    1175203    1176012     810 native GCGAGA 4 1
  1062   +    1176037    1176222     186 native AGGACA 5 1
  1063   -    1176295    1177773    1479 native TGGAGT 4 1
  1064   +    1177976    1178323     348 native TGGAGA 6 1
  1065   +    1178389    1178805     417 native CGGCCA 2 1
  1066   -    1179256    1181679    2424 native AGGAAC 7 1
  1067   -    1181773    1182855    1083 native TAGTAT 11 1
  1068   -    1182870    1183970    1101 native TGGAGA 3 1
  1069   -    1183987    1185576    1590 native TGAAAT 5 1
  1070   +    1186068    1186202     135 native GGGTGA 7 1
  1071   +    1186234    1186635     402 atypical ACGTCT 4 1
  1072   +    1186882    1188546    1665 native CGGAAA 8 1
  1073   +    1188658    1190052    1395 native AGGTAC 4 1
  1074   +    1190069    1190827     759 atypical TGGAGC 4 1
  1075   -    1190893    1191735     843 native AGGCAA 4 1
  1076   -    1191903    1192451     549 native AGGAAT 4 1
  1077   +    1192677    1193522     846 native GGGAGC 6 1
  1078   +    1193843    1195741    1899 native AGGTGG 3 1
  1079   +    1195967    1197349    1383 native TCGAGT 6 1
  1080   +    1197346    1197648     303 native GGGGGC 7 1
  1081   +    1197790    1198023     234 native AGGGCA 5 1
  1082   +    1198427    1199548    1122 native AGGAGT 11 1
  1083   +    1199651    1202506    2856 atypical AGGGAA 6 1
  1084   -    1202746    1204104    1359 native CTGAGT 7 1
  1085   -    1204101    1204772     672 native AGGCCA 7 1
  1086   -    1204785    1205084     300 native AGGAAA 5 1
  1087   -    1205038    1205700     663 native GAGAGA 5 1
  1088   -    1205714    1206118     405 native GAGACA 6 1
  1089   -    1206129    1206737     609 native TGGAGC 7 1
  1090   -    1206849    1208015    1167 native AAGACA 5 1
  1091   +    1208174    1208824     651 native ACGATA 6 1
  1092   +    1208870    1209664     795 native AGGAAA 8 1
  1093   +    1209693    1210607     915 native AGGTAA 5 1
  1094   +    1210816    1211106     291 native AGGCCG 5 1
  1095   +    1211366    1211698     333 atypical CGGTTT 8 1
  1096   +    1211721    1212620     900 native GAGAGT 5 1
  1097   +    1212669    1212896     228 native TGGAGA 5 1
  1098   +    1213013    1213420     408 native TGCTGT 5 1
  1099   +    1213432    1213968     537 atypical GCGAGG 5 1
  1100   +    1213984    1215528    1545 native AGGGAC 5 1
  1101   +    1215590    1216450     861 native AGGCAG 7 1
  1102   +    1216490    1217884    1395 native AGGAAC 5 1
  1103   +    1217947    1218375     429 native AGGATT 5 1
  1104   +    1218534    1219121     588 native AGGGAA 4 1
  1105   +    1219159    1220604    1446 atypical AGGTTT 11 1
  1106   +    1220695    1221612     918 native TGGGTC 6 1
  1107   -    1221631    1222074     444 atypical CGGAGT 5 1
  1108   -    1222251    1224692    2442 native CGGTAA 4 1
  1109   -    1224689    1225642     954 native AGGGCT 10 1
  1110   +    1225817    1226050     234 atypical AGGAGT 4 1
  1111   +    1226183    1227646    1464 native CAGAGA 5 1
  1112   +    1227646    1228581     936 native GGGTAA 6 1
  1113   +    1228606    1231983    3378 native AGGAAA 4 1
  1114   +    1232041    1234569    2529 native AGGCTT 5 1
  1115   +    1234569    1235447     879 native GGGAGG 7 1
  1116   +    1235602    1236468     867 atypical CGGACG 4 1
  1117   +    1236490    1237650    1161 atypical AGGATT 5 1
  1118   -    1237856    1239253    1398 native ATGAGG 6 1
  1119   +    1239444    1240523    1080 native AGGCAC 4 1
  1120   +    1240520    1241245     726 native AGGAGG 4 1
  1121   +    1241435    1242376     942 native AGGATG 3 1
  1122   +    1242378    1243157     780 native AGGTTA 6 1
  1123   +    1243195    1244310    1116 native AGGAAA 6 1
  1124   +    1244307    1245479    1173 native AGGAGG 7 1
  1125   +    1245552    1245992     441 native CAGAGA 9 1
  1126   +    1246393    1246734     342 native TCGTGT 6 1
  1127   -    1247130    1247966     837 native AGGATC 4 1
  1128   -    1248082    1249134    1053 native CGGCCT 6 1
  1129   -    1249131    1250600    1470 native GGGAGA 5 1
  1130   +    1250751    1251143     393 native AGGAGC 6 1
  1131   +    1251153    1251929     777 native AGGGCT 5 1
  1132   +    1252092    1252385     294 native AGGAGT 4 1
  1133   +    1252442    1253281     840 native AGGGTA 5 1
  1134   -    1253339    1255231    1893 native TGCTGA 5 1
  1135   +    1255257    1255742     486 native AGGTAA 5 1
  1136   +    1255735    1256166     432 native TGGCAA 4 1
  1137   +    1256163    1257044     882 native AGGACA 10 1
  1138   -    1257063    1259168    2106 native AGGAGC 5 1
  1139   -    1259335    1260069     735 native AGGTAC 9 1
  1140   +    1260328    1260495     168 native AGGAGA 6 1
  1141   +    1260532    1260714     183 native TGCATC 5 1
  1142   -    1260999    1261748     750 native AGGAAA 4 1
  1143   +    1261842    1262300     459 native AGGAAG 5 1
  1144   -    1262307    1263284     978 native CGGACG 7 1
  1145   -    1263393    1263866     474 native AGGGGA 5 1
  1146   -    1264076    1264612     537 native TGGAGT 10 1
  1147   +    1264770    1265225     456 native AGGAGA 5 1
  1148   -    1265300    1266862    1563 native CCGAGG 5 1
  1149   -    1266982    1269324    2343 native TAGAGA 5 1
  1150   -    1269579    1271114    1536 native TGGGCA 5 1
  1151   -    1271316    1272173     858 native AGGATT 7 1
  1152   -    1272176    1272583     408 native TGGAGC 4 1
  1153   -    1272620    1273276     657 native TGGAGT 8 1
  1154   +    1273330    1273893     564 native AGGCTC 3 1
  1155   -    1273907    1276393    2487 native AGGAAT 4 1
  1156   -    1276439    1277125     687 native AAGAGA 8 1
  1157   -    1277122    1277454     333 native CGGAGT 5 1
  1158   +    1277759    1278778    1020 native TGGAGC 4 1
  1159   +    1278871    1279563     693 native AGGTGA 3 1
  1160   +    1279607    1280944    1338 native AGGTCT 6 1
  1161   +    1281072    1282334    1263 native TGGACA 6 1
  1162   -    1282397    1283167     771 native ACGAAG 8 1
  1163   -    1283305    1285122    1818 native AGGCTA 5 1
  1164   +    1285549    1286955    1407 native TGGAGA 7 1
  1165   +    1287048    1288001     954 native AGGTTG 4 1
  1166   +    1288141    1288560     420 native GGGATT 7 1
  1167   -    1288586    1289041     456 native AGGTTT 4 1
  1168   +    1289225    1289350     126 native TGGGGT 11 1
  1169   -    1289368    1289970     603 native CGGCCT 4 1
  1170   -    1290279    1290593     315 native TGGAGC 6 1
  1171   -    1290586    1290798     213 native TCGAAT 4 1
  1172   +    1290993    1291547     555 native AGGGGC 4 1
  1173   +    1291558    1292874    1317 native AGGGGA 5 1
  1174   +    1292885    1294108    1224 native AGGTAA 3 1
  1175   +    1294174    1295388    1215 native AGGGAA 5 1
  1176   -    1295415    1296293     879 native TGGGCG 4 1
  1177   +    1296444    1297640    1197 native CTGAGG 5 1
  1178   -    1297630    1298853    1224 native CGGAGT 5 1
  1179   -    1298857    1299519     663 native TGGCTG 7 1
  1180   +    1299809    1300300     492 atypical TGGATG 5 1
  1181   +    1300307    1302589    2283 native CGGATG 7 1
  1182   -    1302632    1303174     543 native AGGTGT 7 1
  1183   -    1303354    1305129    1776 native ACGACA 11 1
  1184   -    1305269    1306036     768 native TGGGTA 10 1
  1185   +    1306119    1306934     816 native TTGCGC 4 1
  1186   +    1307037    1307846     810 native AGGGAA 6 1
  1187   +    1307843    1308637     795 native AGGAAC 7 1
  1188   +    1308661    1309164     504 native AGGAAT 5 1
  1189   +    1309285    1310358    1074 native AGGAGT 6 1
  1190   +    1310430    1311167     738 atypical AGGGTT 6 1
  1191   +    1311315    1311581     267 native AGGACT 4 1
  1192   -    1311699    1312100     402 native CGGATC 5 1
  1193   +    1312302    1312601     300 native ACGAGA 6 1
  1194   +    1312588    1312944     357 native AGGGCT 5 1
  1195   +    1312968    1314578    1611 native TGGTAT 11 1
  1196   -    1314571    1315383     813 native AGGAGA 8 1
  1197   -    1315358    1316416    1059 native GGGATA 11 1
  1198   -    1316534    1316770     237 native AGGGAT 5 1
  1199   -    1317320    1318204     885 native AAGAGC 5 1
  1200   -    1318278    1319054     777 native AGGAAG 7 1
  1201   -    1319073    1320374    1302 native AAGAGA 8 1
  1202   -    1320462    1321628    1167 native AGGTGT 3 1
  1203   +    1321677    1322990    1314 native ACGACA 8 1
  1204   +    1323003    1324793    1791 native TAGAGA 9 1
  1205   +    1324956    1325447     492 atypical AGGAAT 3 1
  1206   +    1325831    1328590    2760 native AGGACT 5 1
  1207   +    1328891    1330723    1833 native CGGAGT 5 1
  1208   +    1330782    1331474     693 native TGGATG 4 1
  1209   +    1331701    1333011    1311 native AGGAAA 6 1
  1210   +    1333105    1334742    1638 native AGGAAA 6 1
  1211   +    1334761    1335924    1164 native AGGTAA 6 1
  1212   +    1335921    1336688     768 native AGGAGA 6 1
  1213   +    1336716    1337414     699 native AGGATA 2 1
  1214   -    1337411    1337656     246 native AGGAAG 5 1
  1215   +    1337965    1338693     729 native AGGAAA 7 1
  1216   +    1338768    1339106     339 native AGGGGT 5 1
  1217   +    1339154    1340422    1269 native GGGGGC 5 1
  1218   -    1340553    1340729     177 atypical CAGAGA 7 1
  1219   -    1340960    1341811     852 native GAGATA 5 1
  1220   +    1342031    1344241    2211 native CTGATA 10 1
  1221   +    1344295    1345383    1089 native AGGAGA 5 1
  1222   -    1345438    1346700    1263 native AAAAAT 5 1
  1223   -    1346914    1347240     327 native AGGGGA 9 1
  1224   +    1347394    1348902    1509 native AAGTCA 4 1
  1225   -    1348971    1351070    2100 native AGGAAA 4 1
  1226   -    1351080    1352090    1011 native AGGAGA 6 1
  1227   -    1352505    1355216    2712 native CGCATA 10 1
  1228   -    1355226    1355900     675 native CAGTGA 6 1
  1229   +    1356008    1357525    1518 native TGGATA 5 1
  1230   +    1357585    1358388     804 native AGGCAC 6 1
  1231   -    1358406    1358993     588 native CGGAAA 5 1
  1232   +    1359128    1359760     633 native AGGAAT 5 1
  1233   -    1359845    1360558     714 native GAGAGG 5 1
  1234   -    1360711    1361496     786 native CGGAGA 5 1
  1235   +    1361699    1363075    1377 native AGGTAA 8 1
  1236   -    1363143    1363502     360 native AAGAAA 5 1
  1237   +    1363783    1365003    1221 native AGGTGG 6 1
  1238   +    1365112    1366422    1311 native AGGTAA 3 1
  1239   -    1366454    1368109    1656 native AGGACA 5 1
  1240   -    1368273    1369451    1179 native TGGAGA 5 1
  1241   -    1369649    1370218     570 native AGGAGT 4 1
  1242   +    1370477    1371118     642 native TCGTGT 9 1
  1243   +    1371124    1372389    1266 native AGGAGT 7 1
  1244   +    1372409    1372807     399 native AGGACT 8 1
  1245   +    1372874    1374367    1494 native AGGAAA 4 1
  1246   +    1374343    1375290     948 native TGGAGC 10 1
  1247   +    1375450    1376313     864 native TGGAGG 6 1
  1248   -    1376328    1377473    1146 native CTGAAA 5 1
  1249   -    1377481    1377807     327 native AGGCAC 6 1
  1250   -    1377886    1378485     600 native AGCAAA 8 1
  1251   -    1378523    1378990     468 native AGGAGA 7 1
  1252   -    1378995    1379597     603 native CGGAGG 7 1
  1253   -    1379594    1380757    1164 native CGGATA 10 1
  1254   -    1380814    1381125     312 native ATGTTG 6 1
  1255   -    1381129    1381716     588 native TGGAGT 4 1
  1256   -    1381813    1382631     819 native AGGAAC 4 1
  1257   -    1382696    1383382     687 native AAGCCT 5 1
  1258   +    1383542    1384576    1035 native AGGAGT 4 1
  1259   +    1384589    1385704    1116 native AGGAGT 8 1
  1260   -    1385779    1386234     456 native TGGCGG 5 1
  1261   -    1386236    1386484     249 native CGGAGC 6 1
  1262   -    1386481    1386969     489 native CGGATA 7 1
  1263   -    1386976    1387518     543 native AGGAGT 5 1
  1264   -    1387530    1388114     585 native TGGGGG 5 1
  1265   -    1388116    1389090     975 native TGGAAA 8 1
  1266   +    1389485    1389769     285 native GAGAGA 5 1
  1267   -    1389799    1390293     495 native TAGAGA 7 1
  1268   +    1390380    1390901     522 native AGGAGA 5 1
  1269   +    1390937    1391461     525 native AGGAGT 5 1
  1270   +    1391474    1392010     537 native AGGAGT 7 1
  1271   +    1392258    1393346    1089 native AGGTGT 2 1
  1272   +    1393350    1394519    1170 native GGGATT 8 1
  1273   +    1394530    1401291    6762 native AGGATT 4 1
  1274   -    1401334    1401597     264 atypical AGCCCA 5 1
  1275   +    1401706    1402005     300 native ACGAGA 6 1
  1276   +    1401992    1402348     357 native AGGGCT 5 1
  1277   +    1402372    1404003    1632 native TGGTAT 11 1
  1278   -    1403996    1404529     534 native AGGATC 4 1
  1279   -    1404561    1405298     738 native TGGAGA 6 1
  1280   -    1405295    1406020     726 native CGGAGC 5 1
  1281   +    1406366    1408561    2196 native AGGAGT 6 1
  1282   +    1408772    1408927     156 native TGGAGA 7 1
  1283   -    1409121    1409729     609 native TGGAGC 8 1
  1284   -    1409787    1410830    1044 native CGGAAT 6 1
  1285   -    1410847    1412004    1158 native AGGAAA 6 1
  1286   -    1412062    1412760     699 native ACGAGA 7 1
  1287   +    1412906    1413817     912 native TTGATA 9 1
  1288   +    1414034    1415254    1221 native AGGATT 7 1
  1289   -    1415325    1417340    2016 native AGGAAC 7 1
  1290   +    1418035    1419054    1020 atypical AGGAGT 9 1
  1291   +    1419231    1419713     483 atypical AAGATA 7 1
  1292   +    1419752    1420996    1245 native AGGAGG 6 1
  1293   +    1421920    1422168     249 native AGGATA 6 1
  1294   +    1422172    1423482    1311 native AGGAGT 8 1
  1295   +    1423627    1424343     717 atypical AGGAAG 7 1
  1296   +    1424343    1424918     576 atypical GGGAGG 6 1
  1297   -    1425073    1427826    2754 atypical TGGAAT 4 1
  1298   +    1428018    1428935     918 atypical CGGAGC 6 1
  1299   +    1429789    1431981    2193 atypical TGGAGA 7 1
  1300   +    1431971    1434553    2583 atypical AGGAGT 9 1
  1301   -    1434830    1435078     249 atypical TGGGGT 8 1
  1302   -    1435224    1435733     510 native AGGGAC 7 1
  1303   +    1435920    1436150     231 native ATGATG 5 1
  1304   -    1436496    1437725    1230 atypical AGGAGA 6 1
  1305   -    1437737    1437952     216 native AGGATA 6 1
  1306   +    1438132    1438320     189 native AGCAAG 4 1
  1307   +    1438337    1440652    2316 native AGGAAT 7 1
  1308   +    1440654    1442429    1776 atypical ACGTGA 6 1
  1309   +    1442433    1443908    1476 native CGGAAA 10 1
  1310   +    1443911    1445143    1233 atypical CGGAGA 7 1
  1311   +    1445153    1446295    1143 native AGGAGG 4 1
  1312   +    1446297    1448039    1743 native AGGAGG 8 1
  1313   -    1448556    1449407     852 atypical GGGAGA 7 1
  1314   -    1449404    1450645    1242 atypical AAGAGG 5 1
  1315   -    1450722    1451474     753 atypical AGGAAA 4 1
  1316   -    1451536    1452960    1425 atypical GGGAAA 5 1
  1317   -    1452957    1455326    2370 atypical GGGAGT 10 1
  1318   -    1455412    1456158     747 atypical AGGAGG 5 1
  1319   -    1456148    1456609     462 atypical AGGAGT 6 1
  1320   -    1456657    1457787    1131 atypical AGGAGC 6 1
  1321   -    1457789    1460557    2769 atypical CGGAGT 5 1
  1322   -    1460561    1461640    1080 atypical AGGCAC 9 1
  1323   -    1461655    1463142    1488 atypical CGGAAC 6 1
  1324   +    1463586    1464224     639 atypical AGGGAC 6 1
  1325   +    1464260    1465267    1008 atypical CAGACA 7 1
  1326   +    1465288    1467195    1908 atypical AGCAGT 8 1
  1327   -    1467246    1467914     669 atypical AGGCGC 6 1
  1328   -    1467907    1468377     471 atypical AAGTGT 9 1
  1329   +    1468431    1468742     312 native ATGAGG 5 1
  1330   +    1468796    1469596     801 atypical TGGCTT 7 1
  1331   -    1469678    1470508     831 atypical AGGGTA 4 1
  1332   -    1470492    1471499    1008 atypical TGGAGC 5 1
  1333   +    1471735    1472481     747 native CGGGAT 4 1
  1334   +    1472542    1472835     294 native AGGAGG 5 1
  1335   +    1473075    1473692     618 native TCGTGT 10 1
  1336   -    1473998    1476256    2259 atypical AGGCGT 4 1
  1337   -    1476576    1477352     777 native AGGATT 5 1
  1338   -    1477355    1478662    1308 native AGGTAG 8 1
  1339   -    1478655    1479365     711 atypical AAGTCT 7 1
  1340   -    1479451    1481712    2262 native CGGAGC 4 1
  1341   +    1482034    1482567     534 native AGGATG 7 1
  1342   -    1482564    1482818     255 native AGGAAC 6 1
  1343   -    1482808    1484664    1857 native AGGGTC 4 1
  1344   -    1485106    1486098     993 native TAGAGA 6 1
  1345   +    1486246    1487376    1131 native ATGATG 5 1
  1346   +    1487468    1487752     285 native AACAGT 5 1
  1347   +    1487809    1489959    2151 native AGGAAG 4 1
  1348   -    1490016    1490870     855 native TGGTTA 11 1
  1349   +    1491032    1495996    4965 native AGGATT 6 1
  1350   +    1495996    1498392    2397 native TCGAGC 4 1
  1351   +    1498503    1499459     957 native TGGGGA 5 1
  1352   +    1499440    1500153     714 native AGGAGA 5 1
  1353   +    1500129    1500788     660 native TGGATT 4 1
  1354   +    1501283   >1501645     363 native GAGAGA 7 1
  1355   +    1502017    1502385     369 native AGGGAA 5 1
  1356   +    1502397    1502933     537 native AGGAAG 6 1
  1357   +    1503017    1503451     435 native AGGAGT 5 1
  1358   +    1503451    1504146     696 native AGGAGT 6 1
  1359   +    1504363    1504857     495 native AGGAGT 5 1
  1360   +    1504937    1505308     372 native AGGAAA 6 1
  1361   +    1505504    1509580    4077 native CGGGGA 6 1
  1362   +    1509646    1513869    4224 native CGGAGC 9 1
  1363   +    1514162    1514536     375 native TGGAGT 7 1
  1364   +    1514628    1515098     471 native AGGGCT 4 1
  1365   +    1515118    1517211    2094 native AGGACT 5 1
  1366   +    1517241    1518464    1224 native ACGAGG 6 1
  1367   +    1518615    1518926     312 native TGGAGT 5 1
  1368   +    1519015    1519647     633 native AGGAAA 5 1
  1369   +    1519651    1520253     603 native AGGGGT 5 1
  1370   +    1520250    1520546     297 native AGGAGA 7 1
  1371   +    1520561    1521388     828 native GGGAGG 8 1
  1372   +    1521406    1521681     276 atypical AGGATT 5 1
  1373   +    1521695    1522030     336 native AGGGGT 5 1
  1374   +    1522042    1522731     690 native AGGAGT 7 1
  1375   +    1522744    1523157     414 native AGGGGA 7 1
  1376   +    1523154    1523348     195 native CGGACG 5 1
  1377   +    1523351    1523617     267 native AGGGGA 6 1
  1378   +    1523650    1524018     369 native AGGAGC 7 1
  1379   +    1524032    1524346     315 native AGGGGA 4 1
  1380   +    1524364    1524903     540 native TGGGTA 5 1
  1381   +    1524914    1525219     306 native AGGAGT 5 1
  1382   +    1525278    1525670     393 native AGGTAA 6 1
  1383   +    1525682    1526215     534 native AGGGGA 6 1
  1384   +    1526226    1526576     351 native AGGTCT 5 1
  1385   +    1526588    1527112     525 native AGGGTA 6 1
  1386   +    1527119    1527304     186 native TGGGGT 8 1
  1387   +    1527306    1527740     435 native AGGGGA 5 1
  1388   +    1527740    1529062    1323 native AGGTCG 7 1
  1389   +    1529083    1529196     114 native AGGAGA 5 1
  1390   +    1529300    1529656     357 native CGGAGT 5 1
  1391   +    1529733    1530122     390 native AGGATT 5 1
  1392   +    1530136    1530756     621 native AGGAGG 8 1
  1393   +    1530779    1531780    1002 native AGGGGC 4 1
  1394   +    1531813    1532208     396 native AGGAAT 6 1
  1395   -    1532324    1533205     882 native TGGTAA 6 1
  1396   -    1533403    1534680    1278 native AGGAGC 4 1
  1397   -    1534677    1535159     483 native AGGCCA 4 1
  1398   -    1535159    1536151     993 native GTGAGA 5 1
  1399   -    1536159    1537115     957 native AGGGAA 3 1
  1400   -    1537129    1540851    3723 native CGGTTA 8 1
  1401   +    1541219    1541449     231 native CGGAGG 7 1
  1402   +    1541446    1543026    1581 native AGGAGA 7 1
  1403   +    1543038    1544171    1134 native AGGATA 6 1
  1404   +    1544204    1544320     117 native AGGAAT 5 1
  1405   +    1544307    1544663     357 native TCGTGA 5 1
  1406   +    1544688    1545068     381 native GAGATT 5 1
  1407   +    1545090    1545638     549 native ATGAGG 6 1
  1408   +    1545643    1546077     435 native AGGAAT 6 1
  1409   -    1546074    1546397     324 native AGGAGA 4 1
  1410   +    1546584    1547135     552 native TAGAGC 7 1
  1411   +    1547132    1547848     717 native AGGTGT 8 1
  1412   -    1547912    1548487     576 native AGGATA 4 1
  1413   -    1548531    1549091     561 native AGGCGA 6 1
  1414   +    1549236    1550123     888 native CGGAGA 5 1
  1415   -    1550188    1550829     642 native AGGGTC 5 1
  1416   -    1550983    1552158    1176 native GAGTGT 6 1
  1417   -    1552322    1553191     870 atypical AGGAAT 2 1
  1418   -    1553333    1554598    1266 atypical GGGAAG 6 1
  1419   -    1554703    1555368     666 atypical AAGAGC 4 1
  1420   +    1555392    1555598     207 atypical AGGAGA 6 1
  1421   -    1555932    1556264     333 atypical AGGAGT 6 1
  1422   -    1556293    1556814     522 native AGGAGA 5 1
  1423   -    1556825    1557511     687 atypical ATGAGG 6 1
  1424   -    1557520    1560615    3096 atypical AGGATA 5 1
  1425   -    1560630    1561868    1239 atypical AGGCTC 4 1
  1426   -    1561878    1563152    1275 atypical CGGAGC 4 1
  1427   -    1563163    1564119     957 atypical AGGTAA 9 1
  1428   -    1564116    1564499     384 atypical TGGAAA 4 1
  1429   +    1564596    1565903    1308 atypical CTGAGG 5 1
  1430   -    1566116    1566517     402 atypical AGGTGA 6 1
  1431   -    1566808    1567233     426 atypical TGGAGG 6 1
  1432   -    1567226    1569373    2148 atypical AGGAGA 8 1
  1433   -    1569375    1571411    2037 atypical GGGACA 6 1
  1434   -    1571404    1572882    1479 atypical TGGTGC 8 1
  1435   -    1572960    1573259     300 native CTGATT 5 1
  1436   +    1573281    1573913     633 native AGGCAT 4 1
  1437   -    1573917    1574723     807 native AGGATC 6 1
  1438   -    1574720    1575562     843 native AGGACA 4 1
  1439   -    1575559    1576059     501 native AGGTTT 5 1
  1440   +    1576115    1576942     828 native AGGCTG 7 1
  1441   +    1577012    1578232    1221 native CAGAGA 5 1
  1442   +    1578277    1579242     966 native AAGAGG 6 1
  1443   +    1579361    1580035     675 native AGGATA 9 1
  1444   -    1580123    1583389    3267 native AGGTAG 9 1
  1445   -    1583404    1584558    1155 native CGGACA 10 1
  1446   -    1584561    1585532     972 atypical AGGAGC 6 1
  1447   -    1585543    1586652    1110 native CGGAGC 7 1
  1448   -    1586649    1588307    1659 native AGGAGC 8 1
  1449   +    1589114    1590481    1368 native CGGATA 9 1
  1450   +    1590571    1592100    1530 native AGGTAC 4 1
  1451   +    1592117    1592359     243 native AGGATA 5 1
  1452   +    1592416    1593504    1089 native TGGAGT 11 1
  1453   +    1593504    1594607    1104 native AGGGTA 7 1
  1454   -    1594620    1595042     423 native TGGTGA 4 1
  1455   +    1595167    1595454     288 native AGGAGT 5 1
  1456   +    1595541    1596230     690 native TGGAGT 5 1
  1457   +    1596240    1597607    1368 native TGGCGT 11 1
  1458   +    1597699    1597995     297 native GGGTGT 5 1
  1459   +    1598109    1599146    1038 native CGGTTG 10 1
  1460   +    1599471    1600406     936 native CTGAGT 7 1
  1461   +    1600410    1601399     990 native AGGTTT 7 1
  1462   -    1601341    1602195     855 native AGGAGT 4 1
  1463   +    1602349    1603380    1032 native CGGACT 12 1
  1464   +    1603414    1603914     501 native AGGATG 7 1
  1465   +    1604043    1606823    2781 native TTGAGG 5 1
  1466   -    1606855    1607394     540 native AGGAGC 5 1
  1467   -    1607405    1607830     426 native AGGAGG 7 1
  1468   -    1607930    1608301     372 native AGGATC 10 1
  1469   -    1608294    1608554     261 native CGGATG 5 1
  1470   +    1609373    1609810     438 native AGGAGT 5 1
  1471   +    1609826    1610056     231 native AGGATT 6 1
  1472   +    1610101    1610937     837 native CCGATG 4 1
  1473   +    1610965    1611411     447 native AGGATT 5 1
  1474   +    1611512    1612909    1398 native AGGGAC 4 1
  1475   +    1612955    1613578     624 native AGGCGA 9 1
  1476   +    1613575    1614123     549 native CGGAGG 6 1
  1477   -    1614205    1616238    2034 native TGGTGA 7 1
  1478   -    1616399    1616836     438 atypical TGGGGC 7 1
  1479   -    1617090    1617536     447 native GGGAGG 7 1
  1480   -    1617539    1617859     321 atypical AGGACT 5 1
  1481   -    1617961    1618155     195 native AGGAAA 2 1
  1482   +    1618299    1618763     465 native AGGTTT 4 1
  1483   -    1618753    1619418     666 native AGGAGA 5 1
  1484   -    1619339    1620514    1176 native CGGAAG 6 1
  1485   +    1620619    1621689    1071 native TGGATT 12 1
  1486   +    1621728    1622108     381 native AGGAAA 5 1
  1487   -    1622121    1625936    3816 native AGGAAT 8 1
  1488   -    1625977    1627197    1221 native TGGAGC 5 1
  1489   +    1627309    1627446     138 native ATGAAG 4 1
  1490   +    1627526    1628533    1008 native AGGAGA 5 1
  1491   +    1628753    1629292     540 native TGGAGT 7 1
  1492   -    1629354    1630751    1398 native CGGTTG 4 1
  1493   -    1630837    1631841    1005 native CGGATG 6 1
  1494   -    1631867    1632517     651 native AGGTAT 7 1
  1495   -    1632736    1633842    1107 native AGGAAA 5 1
  1496   -    1633880    1635148    1269 native AGGATT 2 1
  1497   -    1635197    1635838     642 native CGGAGA 7 1
  1498   -    1635838    1636245     408 native AGGAAA 4 1
  1499   -    1636274    1636786     513 native AGGCAC 6 1
  1500   -    1636803    1638182    1380 native AGGAGT 9 1
  1501   -    1638197    1638958     762 native CGGGGC 5 1
  1502   -    1639027    1641432    2406 native GGGAGC 4 1
  1503   -    1641775    1643226    1452 native AGGACT 4 1
  1504   -    1643240    1644352    1113 native CCGAGT 4 1
  1505   -    1644383    1645309     927 native GGGAGA 6 1
  1506   -    1645309    1646388    1080 native AGGAGC 7 1
  1507   -    1646385    1647908    1524 native AGGTTT 7 1
  1508   +    1648202    1649659    1458 native AGGATA 4 1
  1509   +    1649656    1652034    2379 native AGGTTG 4 1
  1510   +    1652031    1652987     957 native CGGAGC 7 1
  1511   +    1652977    1653975     999 native AGGTCC 5 1
  1512   +    1653980    1654507     528 native AGGAGT 6 1
  1513   +    1654523    1654867     345 native TGGAGA 6 1
  1514   +    1654870    1655379     510 native AGGCTC 6 1
  1515   +    1655376    1656707    1332 native AGGAGT 8 1
  1516   +    1656707    1657882    1176 native AGGAGT 10 1
  1517   -    1657907    1658806     900 native TTGAGT 6 1
  1518   +    1659036    1659869     834 native TGCCAT 7 1
  1519   -    1659958    1661478    1521 native TGGAGA 6 1
  1520   +    1661696    1662619     924 native AGGTAA 6 1
  1521   -    1662687    1663814    1128 native GGGAGT 3 1
  1522   -    1664338    1665003     666 native AGGCCT 3 1
  1523   +    1665115    1666122    1008 native AGGTTT 8 1
  1524   +    1666209    1667375    1167 native CAGAGG 4 1
  1525   +    1667471    1668535    1065 native AGGAGC 4 1
  1526   +    1668816    1669322     507 atypical CGGATT 4 1
  1527   +    1669337    1670536    1200 native AGGAGA 6 1
  1528   +    1670599    1671735    1137 native TAGTGC 6 1
  1529   +    1671728    1672201     474 native TGGAGC 6 1
  1530   +    1672680    1674335    1656 native CGGATC 5 1
  1531   -    1674447    1675064     618 atypical AGGATG 5 1
  1532   -    1675132    1675566     435 native AGGAGT 4 1
  1533   -    1675579    1676772    1194 native CGGAAG 4 1
  1534   +    1677081    1678805    1725 native TGAAAA 7 1
  1535   -    1678883    1680373    1491 native AGGAGA 6 1
  1536   +    1680521    1681396     876 native CCGAGA 6 1
  1537   +    1681502    1682305     804 native GAGAGA 6 1
  1538   +    1682407    1683408    1002 native AGGAAT 4 1
  1539   +    1683458    1684111     654 native AGGAAA 3 1
  1540   +    1684700    1685962    1263 native AGGTGG 5 1
  1541   +    1686027    1686371     345 native AGGAAA 5 1
  1542   +    1686376    1687803    1428 native AGGTTG 5 1
  1543   +    1687884    1689152    1269 native CGGTAT 5 1
  1544   -    1689230    1690459    1230 native AGGTAC 4 1
  1545   +    1690684    1692087    1404 native CGGACA 5 1
  1546   -    1692150    1694744    2595 native ACGATC 8 1
  1547   +    1694865    1695974    1110 native AGGATC 3 1
  1548   +    1695974    1696528     555 native AGGAGT 8 1
  1549   +    1696530    1697168     639 native AGGAGC 9 1
  1550   +    1697170    1697709     540 native AGGTGA 5 1
  1551   +    1697712    1699811    2100 native TGGAGA 6 1
  1552   +    1699816    1700334     519 native TCGTTA 5 1
  1553   +    1700349    1701440    1092 native AGGCAT 5 1
  1554   +    1701458    1702906    1449 native GAGAGG 6 1
  1555   +    1703092    1707543    4452 native GAGAGC 6 1
  1556   +    1707574    1708992    1419 native GAGAGG 6 1
  1557   +    1709167    1711035    1869 native TGGAGC 8 1
  1558   +    1711120    1712184    1065 native CCGAGA 5 1
  1559   +    1712309    1715119    2811 native CGGAGA 10 1
  1560   +    1715119    1715496     378 native AGGGCA 6 1
  1561   +    1715493    1717001    1509 native AGGGCT 5 1
  1562   +    1717003    1717488     486 native GGGAGT 7 1
  1563   +    1717482    1717751     270 native AGGAGA 7 1
  1564   +    1717759    1718136     378 native AGGTAG 3 1
  1565   -    1718146    1719516    1371 native AGGCAG 5 1
  1566   +    1719662    1720330     669 native TGGAGG 5 1
  1567   -    1720367    1721095     729 native ACGAGT 7 1
  1568   -    1721174    1721746     573 native AGGAGA 6 1
  1569   -    1721808    1722794     987 native CGGATG 10 1
  1570   -    1722800    1723558     759 native AGGAGT 4 1
  1571   +    1723735    1723980     246 native AAGAGC 7 1
  1572   +    1723977    1724852     876 native GGGTGA 9 1
  1573   +    1725059    1726942    1884 native AGCTGT 4 1
  1574   +    1727016    1728593    1578 native TGGAGG 5 1
  1575   +    1728577    1729908    1332 native GGGATG 6 1
  1576   -    1729947    1730561     615 native AGGGTT 6 1
  1577   +    1730682    1731359     678 native AGGAGT 6 1
  1578   -    1731362    1731847     486 native AAGAGA 7 1
  1579   -    1731889    1734096    2208 native AGCAAG 7 1
  1580   +    1734241    1734450     210 native AGGTGT 3 1
  1581   +    1734587    1735138     552 native GTGAGC 7 1
  1582   -    1735161    1735808     648 native AGGTTT 3 1
  1583   -    1735973    1737475    1503 native TGGGGC 6 1
  1584   -    1737610    1738188     579 native AGGAGA 6 1
  1585   -    1738287    1738769     483 native AGGAGT 6 1
  1586   +    1738926    1739477     552 native AGGATA 7 1
  1587   +    1739474    1740817    1344 native GGGAAA 4 1
  1588   +    1740953    1741324     372 native AGGTGA 3 1
  1589   +    1741408    1743984    2577 native AGGAGC 6 1
  1590   +    1743997    1744746     750 native AGGTCA 8 1
  1591   +    1744779    1745846    1068 native AGGAGA 6 1
  1592   +    1745964    1746659     696 native AGGAAC 9 1
  1593   +    1746675    1747040     366 atypical AGGAAA 5 1
  1594   +    1747040    1747693     654 native TGGAGT 9 1
  1595   +    1747924    1748481     558 native TGGAGT 6 1
  1596   +    1749021    1750574    1554 native AGGTAA 5 1
  1597   +    1750899    1751666     768 atypical AGGTGA 6 1
  1598   +    1751852    1752322     471 native TTGAGA 6 1
  1599   +    1752416    1753423    1008 native AGGCTG 5 1
  1600   +    1753641    1754099     459 native ACGAGA 12 1
  1601   -    1754116    1755390    1275 atypical AGAAGG 6 1
  1602   -    1755441    1758635    3195 native TGGAGG 7 1
  1603   +    1759106    1759588     483 atypical AGGAGG 7 1
  1604   +    1759722    1761416    1695 native AGGAGT 4 1
  1605   +    1761441    1762469    1029 native TGGAGA 8 1
  1606   +    1762471    1763259     789 native GCGAGC 8 1
  1607   +    1763268    1764227     960 atypical TAGAGG 5 1
  1608   +    1764235    1764897     663 native ATGAGG 5 1
  1609   +    1764922    1765776     855 native TGGAGG 5 1
  1610   -    1765980    1766573     594 atypical CGAATA 11 1
  1611   +    1766710    1767924    1215 native AGGTCA 7 1
  1612   -    1767940    1768899     960 native TAGAGT 8 1
  1613   +    1769028    1770443    1416 native AGGGCC 5 1
  1614   +    1770461    1772269    1809 native AGGAGA 6 1
  1615   +    1772395    1773063     669 native AGGATT 4 1
  1616   +    1773530    1774417     888 native AGGAGT 7 1
  1617   -    1774478    1775860    1383 native AGGATA 8 1
  1618   +    1776028    1776438     411 native GCGAGG 5 1
  1619   +    1776435    1776857     423 native AGGAGG 6 1
  1620   +    1777002    1777130     129 native AGGGGT 6 1
  1621   -    1777168    1778130     963 native TGGAGC 6 1
  1622   +    1778376    1780013    1638 native TGGACG 7 1
  1623   -    1780021    1780914     894 native AGGTTG 4 1
  1624   +    1781203    1782099     897 native CGCATG 5 1
  1625   -    1782106    1783068     963 native AGGACT 4 1
  1626   -    1783306    1785294    1989 native AGGAGT 6 1
  1627   -    1785451    1786173     723 native AGGTGA 4 1
  1628   -    1786195    1787808    1614 native AGGATT 4 1
  1629   -    1787953    1788627     675 native CAAATT 5 1
  1630   +    1788761    1790218    1458 native AGGCGG 9 1
  1631   +    1790228    1791082     855 native GAGAGA 5 1
  1632   +    1791315    1792169     855 native AGGATT 4 1
  1633   +    1792349    1793734    1386 native AGGAGT 9 1
  1634   -    1793780    1794172     393 native AAGTGA 6 1
  1635   -    1794215    1794691     477 native ACGACC 9 1
  1636   -    1794696    1794956     261 native AGAAAA 9 1
  1637   -    1794962    1795663     702 native AGGAGA 8 1
  1638   -    1795715    1795999     285 native AGGACA 4 1
  1639   -    1796094    1797044     951 native CGGAGC 4 1
  1640   -    1797063    1797524     462 native TGGAGG 10 1
  1641   -    1797530    1798006     477 native TAGAGA 7 1
  1642   -    1798023    1799138    1116 native GGGTGA 6 1
  1643   -    1799203    1799853     651 native AGGTCT 5 1
  1644   -    1799869    1800993    1125 native AGGACA 7 1
  1645   -    1800990    1801466     477 native CGGAAC 12 1
  1646   -    1801629    1802555     927 native AGGACT 5 1
  1647   -    1802934    1803857     924 native AGGACT 5 1
  1648   -    1804222    1805139     918 native AGGTAA 5 1
  1649   -    1805431    1805784     354 native TGGACA 3 1
  1650   -    1805932    1807194    1263 native AGGACA 5 1
  1651   -    1807299    1811480    4182 native ATGGGT 4 1
  1652   +    1811630    1813291    1662 native AGGACC 6 1
  1653   +    1813454    1813816     363 native AGGAAA 5 1
  1654   +    1813917    1814588     672 native AGGAAT 5 1
  1655   +    1814585    1815832    1248 native AGGGCG 9 1
  1656   -    1815887    1816210     324 native AGGAGA 6 1
  1657   -    1816389    1818965    2577 native AGGACA 8 1
  1658   -    1819312    1819887     576 native AAAAAC 5 1
  1659   -    1819890    1820546     657 native AGGCCT 7 1
  1660   +    1820644    1821744    1101 native CGGTGC 4 1
  1661   +    1821741    1824758    3018 native AGGTCT 4 1
  1662   +    1824931    1825305     375 native TGGAGT 10 1
  1663   +    1825430    1826467    1038 native AGGACA 5 1
  1664   +    1826448    1826933     486 native TAGCGA 5 1
  1665   +    1827090    1828124    1035 native TGGGGA 5 1
  1666   -    1828096    1829379    1284 native CGGAGT 8 1
  1667   -    1829498    1830367     870 native AGGAAA 6 1
  1668   -    1830380    1830613     234 native AGGGCA 4 1
  1669   -    1830610    1831587     978 native AGGATA 4 1
  1670   -    1831680    1831880     201 native TGGAAG 6 1
  1671   +    1832110    1834737    2628 native CGGATA 11 1
  1672   +    1834901    1836133    1233 native CAGTAA 7 1
  1673   +    1836324    1836518     195 native AGGAGA 6 1
  1674   +    1837478    1838230     753 native TGGAGT 4 1
  1675   -    1838227    1838727     501 native CAGCGC 5 1
  1676   -    1838724    1839536     813 native AAGCGC 6 1
  1677   +    1839722    1840084     363 native TGGATG 6 1
  1678   +    1840179    1840823     645 native AGGTGA 10 1
  1679   -    1840820    1841830    1011 native CGGCCA 2 1
  1680   +    1841934    1843514    1581 native AGGTTT 6 1
  1681   -    1843595    1844632    1038 native AGGCTT 4 1
  1682   -    1844635    1845090     456 native AGATGA 5 1
  1683   +    1845261    1846109     849 native AGGAGT 5 1
  1684   +    1846308    1847186     879 native GGGAGA 5 1
  1685   +    1847380    1849011    1632 native AGGAGA 5 1
  1686   -    1849073    1849687     615 native AGGAGA 5 1
  1687   -    1849793    1850680     888 native TGGGGA 6 1
  1688   -    1850677    1851663     987 native ATGAGG 5 1
  1689   -    1851769    1852050     282 native TAGCTC 4 1
  1690   +    1852061    1852261     201 native TGGAGC 2 1
  1691   +    1852376    1854214    1839 native TGGGGG 11 1
  1692   +    1854624    1854863     240 atypical AGGTGT 3 1
  1693   +    1855039    1855965     927 atypical AGGGGT 9 1
  1694   -    1856089    1856943     855 atypical ATGAGG 3 1
  1695   -    1856949    1858571    1623 atypical AGGAAA 4 1
  1696   -    1858594    1860195    1602 atypical AGGGGA 6 1
  1697   -    1860195    1861766    1572 native CCGAGC 5 1
  1698   -    1861780    1862871    1092 native AGGACT 6 1
  1699   -    1863030    1863611     582 native AGGAGA 6 1
  1700   -    1863589    1864896    1308 atypical TGGTGA 7 1
  1701   -    1864904    1865263     360 native CGGAGT 7 1
  1702   -    1865340    1865987     648 atypical AGGTGA 4 1
  1703   -    1865999    1866253     255 atypical TGGAGT 5 1
  1704   -    1866390    1866974     585 atypical ACGAGA 8 1
  1705   -    1867012    1870539    3528 native TGGAGT 9 1
  1706   +    1871020    1871382     363 atypical TTGAGT 6 1
  1707   +    1871602    1874001    2400 atypical AGGGGG 6 1
  1708   +    1874004    1875077    1074 atypical GGGGGC 6 1
  1709   +    1875087    1876397    1311 atypical AGGCGC 4 1
  1710   -    1876576    1878207    1632 native TGGTAT 11 1
  1711   -    1878231    1878587     357 native AGGACT 5 1
  1712   -    1878574    1878873     300 native ACGAGA 6 1
  1713   +    1878955    1879371     417 atypical TTGAGC 7 1
  1714   +    1879368    1879772     405 atypical GGGAGC 9 1
  1715   +    1879849    1880208     360 atypical TGGAGT 5 1
  1716   +    1880226    1880513     288 atypical TGGAGC 5 1
  1717   +    1880977    1882965    1989 atypical AAGAGA 8 1
  1718   -    1882943    1883350     408 atypical CAGAGA 8 1
  1719   +    1883428    1884327     900 atypical AGGGTT 4 1
  1720   +    1884519    1884866     348 native TGGGGT 12 1
  1721   +    1884950    1886290    1341 atypical AGGATC 6 1
  1722   +    1886287    1887228     942 atypical AGGAAC 6 1
  1723   +    1887312    1890452    3141 atypical AGGAGT 5 1
  1724   +    1890531    1890854     324 atypical TGGAGT 6 1
  1725   +    1890904    1891803     900 atypical TGGAGA 8 1
  1726   +    1891818    1892144     327 atypical AAGAAA 7 1
  1727   -    1892235    1893080     846 atypical AGGTTT 5 1
  1728   -    1893153    1893905     753 atypical AAGCGC 6 1
  1729   -    1893908    1894684     777 atypical CCGATT 4 1
  1730   -    1894618    1895316     699 atypical TGGGTT 9 1
  1731   -    1895288    1895980     693 atypical GCGAGG 5 1
  1732   +    1896220    1896576     357 atypical TGGAGG 6 1
  1733   +    1896573    1898393    1821 atypical TGGAGT 4 1
  1734   +    1898390    1899235     846 native AGGTGG 7 1
  1735   +    1899286    1899564     279 atypical AGGTAC 6 1
  1736   +    1899583    1900161     579 native AGGAAT 4 1
  1737   +    1900256    1902517    2262 atypical CAGTGT 5 1
  1738   +    1902514    1902756     243 atypical GGGAGG 6 1
  1739   +    1902746    1903387     642 atypical GGGAGG 5 1
  1740   +    1903403    1903912     510 atypical AGGAGA 10 1
  1741   +    1903974    1904297     324 atypical AGGTAA 4 1
  1742   +    1904315    1904674     360 atypical AGGAAA 8 1
  1743   +    1905281    1905823     543 atypical CGGAGG 6 1
  1744   +    1905820    1907151    1332 atypical CGGAAG 7 1
  1745   +    1907163    1908788    1626 atypical AGGAGT 5 1
  1746   +    1908781    1911903    3123 atypical AGGAGC 6 1
  1747   +    1912180    1913010     831 atypical AGGGAA 4 1
  1748   +    1913022    1913459     438 atypical TAGTTA 8 1
  1749   -    1913738    1914040     303 native AGGAAA 7 1
  1750   -    1914040    1914618     579 atypical AAGACT 7 1
  1751   -    1915417    1917255    1839 native CGGAAA 11 1
  1752   -    1917479    1919308    1830 native AGCAAT 7 1
  1753   -    1919450    1919893     444 native AGGAGT 5 1
  1754   -    1919918    1920133     216 native AGGTGA 4 1
  1755   +    1920334    1921374    1041 native AGGGGT 5 1
  1756   +    1921367    1921720     354 native TGGATA 6 1
  1757   +    1921720    1922232     513 native GGGCGA 6 1
  1758   -    1922221    1923501    1281 native CGGGCT 7 1
  1759   -    1923559    1925190    1632 native AGGACT 4 1
  1760   +    1925552    1926505     954 native AGGTGA 4 1
  1761   +    1926566    1927189     624 native GGGAGA 5 1
  1762   +    1927202    1928392    1191 native AGGGGT 5 1
  1763   -    1928494    1929999    1506 native AGGAGG 4 1
  1764   -    1929996    1931276    1281 native AGGGGA 5 1
  1765   -    1931309    1933231    1923 native AGGGGT 5 1
  1766   -    1933547    1933867     321 native AGGTAC 4 1
  1767   -    1933932    1934747     816 native CGGAGC 6 1
  1768   -    1934803    1935180     378 native CGGAGT 6 1
  1769   -    1935170    1936060     891 native AGGCAA 4 1
  1770   -    1936132    1937115     984 native AGGAAG 4 1
  1771   -    1937112    1938440    1329 native AGCGGT 4 1
  1772   -    1938382    1940859    2478 native TGCTGC 5 1
  1773   +    1940969    1942003    1035 native GAGAGG 5 1
  1774   +    1942000    1942686     687 native GGGATG 9 1
  1775   +    1942683    1943573     891 native AGGCGA 4 1
  1776   -    1943570    1943998     429 native AGGTAG 4 1
  1777   -    1943998    1944657     660 native AAGATG 5 1
  1778   +    1944777    1945127     351 native AGGATA 3 1
  1779   +    1945293    1946075     783 native CGGAAT 12 1
  1780   +    1946110    1946991     882 native TGGGGT 11 1
  1781   +    1946994    1948889    1896 native AGGAAT 5 1
  1782   -    1948926    1949534     609 native AAGACC 7 1
  1783   -    1949604    1950185     582 native TGGAGA 6 1
  1784   +    1950632    1951447     816 native AGGAAT 4 1
  1785   +    1951444    1952310     867 native TGGTAC 6 1
  1786   -    1952341    1952769     429 native AGGGCT 5 1
  1787   -    1952783    1953289     507 native AGGGGT 7 1
  1788   +    1953521    1954282     762 native CGGAAG 6 1
  1789   +    1954458    1955969    1512 native GAGAGC 5 1
  1790   +    1956406    1957980    1575 native TGGTGA 4 1
  1791   +    1957992    1959713    1722 native GGGTGA 5 1
  1792   +    1959801    1960481     681 atypical ATGAGA 6 1
  1793   -    1960587    1961942    1356 native AGGAGT 7 1
  1794   -    1961954    1962523     570 native ATGTTT 5 1
  1795   -    1962656    1963426     771 native CAGAGA 7 1
  1796   +    1963676    1964386     711 native TGGAAG 7 1
  1797   -    1964472    1965659    1188 native AGGAGA 5 1
  1798   +    1965941    1968805    2865 native AGGTAG 4 1
  1799   +    1968826    1970739    1914 native CGGAGT 8 1
  1800   +    1970775    1972139    1365 native CAGAGG 6 1
  1801   -    1972228    1972728     501 native AGGATT 4 1
  1802   -    1972762    1973745     984 native AGGTAA 4 1
  1803   -    1973807    1974547     741 native AAGATA 3 1
  1804   +    1974604    1975668    1065 native AAGAGG 7 1
  1805   +    1975774    1976025     252 native CCGAGG 5 1
  1806   +    1976048    1976935     888 native ATGAGA 7 1
  1807   +    1977147    1978952    1806 native AGGTCA 5 1
  1808   +    1979123    1980913    1791 native ACGAGG 6 1
  1809   +    1981057    1981674     618 native ATGATG 4 1
  1810   -    1981741    1982100     360 native AGGAGC 4 1
  1811   +    1982223    1982729     507 native AAGTTG 5 1
  1812   +    1982808    1983479     672 native AGGAGA 5 1
  1813   +    1983712    1985196    1485 native AGGTTC 3 1
  1814   +    1985239    1985832     594 native AGGAAG 5 1
  1815   +    1985847    1986893    1047 native GGGAGC 5 1
  1816   +    1986936    1987736     801 native TGGAAT 5 1
  1817   -    1987798    1988436     639 native AGGAAC 5 1
  1818   +    1988625    1989047     423 native CGGAGT 5 1
  1819   +    1989082    1989873     792 native AGGATC 5 1
  1820   +    1989938    1991116    1179 native AGGAAT 6 1
  1821   -    1991124    1992128    1005 native AGGCTT 6 1
  1822   -    1992125    1993042     918 native AGGAAC 11 1
  1823   +    1993264    1993731     468 native TGGAGT 6 1
  1824   -    1993802    1994329     528 native TGGAAA 5 1
  1825   +    1994550    1996811    2262 native TCGTTT 5 1
  1826   +    1996864    1997703     840 atypical TGAAGT 5 1
  1827   +    1997970    2000306    2337 native AGCAGG 5 1
  1828   +    2000321    2001226     906 native TGGATG 6 1
  1829   +    2001213    2003108    1896 native AGGAGA 6 1
  1830   -    2003143    2004117     975 native AGGACG 5 1
  1831   +    2004377    2005765    1389 native CGGTAG 5 1
  1832   +    2005762    2006427     666 native GGGTGG 6 1
  1833   +    2006420    2006782     363 native CGGAGC 6 1
  1834   +    2006793    2009264    2472 native AAGAGC 3 1
  1835   +    2009391    2009645     255 native CGGTTA 7 1
  1836   -    2009676    2010416     741 native AGGACT 4 1
  1837   +    2010597    2010974     378 native AGGTCG 5 1
  1838   -    2010981    2011523     543 native AGGAAC 4 1
  1839   -    2011554    2013365    1812 native AAGTTA 6 1
  1840   +    2013491    2014339     849 native GGGATC 6 1
  1841   -    2014331    2014924     594 native AGGAGG 5 1
  1842   -    2015185    2016192    1008 native CCGACT 8 1
  1843   -    2016189    2016725     537 native AGGTTG 5 1
  1844   -    2016768    2019350    2583 native AAGACA 2 1
  1845   +    2019597    2020709    1113 native AGGACC 4 1
  1846   +    2020719    2021297     579 native AGGATA 3 1
  1847   +    2021297    2022025     729 native TGGAGC 6 1
  1848   +    2022164    2024782    2619 native TAGTTG 5 1
  1849   +    2024935    2026116    1182 native AGGAGT 8 1
  1850   -    2026172    2026366     195 native TCGAGA 7 1
  1851   -    2026403    2027002     600 native AGGTAT 2 1
  1852   -    2027042    2027929     888 native ATGCTA 9 1
  1853   -    2027934    2029163    1230 native AAGACA 7 1
  1854   -    2029208    2030905    1698 native TGGAGT 7 1
  1855   -    2031143    2031637     495 atypical TGGAGA 7 1
  1856   -    2031917    2032768     852 native ACGAGA 5 1
  1857   -    2032943    2034286    1344 native AGGAGA 6 1
  1858   +    2034424    2034963     540 native AAGAGA 11 1
  1859   +    2035024    2035899     876 native AGGAAT 5 1
  1860   -    2035929    2036849     921 native ACGATG 8 1
  1861   -    2036907    2037251     345 native AGGACA 7 1
  1862   +    2037325    2037855     531 native CGGCAA 7 1
  1863   +    2037872    2038957    1086 native AAGATT 9 1
  1864   +    2038957    2039625     669 native TGAAGC 6 1
  1865   +    2039622    2040413     792 native GCGATT 7 1
  1866   -    2040402    2041949    1548 native AAGTGT 5 1
  1867   +    2042047    2042952     906 native TGGAAT 7 1
  1868   -    2042965    2043903     939 native AGGAGA 10 1
  1869   -    2044070    2044687     618 native TGGAAA 5 1
  1870   +    2044770    2047457    2688 native AGGAGC 4 1
  1871   +    2047470    2049083    1614 native AGGATA 7 1
  1872   +    2049125    2051146    2022 native GGGTGT 7 1
  1873   -    2051226    2052707    1482 native AGGAAA 6 1
  1874   -    2053193    2053513     321 native TGGATT 9 1
  1875   -    2053576    2054334     759 native AGGAGT 6 1
  1876   +    2054641    2055081     441 native TGTAGA 5 1
  1877   +    2055272    2056486    1215 native AGGAAG 5 1
  1878   +    2056486    2057622    1137 native AGGAGA 7 1
  1879   +    2057638    2058843    1206 native AGGGTA 6 1
  1880   +    2058885    2061032    2148 native GGGAGA 6 1
  1881   -    2061145    2062830    1686 native TGGAGT 4 1
  1882   -    2062869    2063522     654 native AGGTAA 8 1
  1883   -    2063523    2064191     669 native AGGAGT 5 1
  1884   -    2064195    2064680     486 native CGGAGA 6 1
  1885   -    2064805    2066301    1497 native AGGATT 5 1
  1886   +    2066644    2067120     477 native AGGAGG 4 1
  1887   +    2067279    2067572     294 native TGGAGA 9 1
  1888   +    2067626    2069272    1647 native AGGAAC 7 1
  1889   -    2069394    2070122     729 atypical TTGAGG 5 1
  1890   -    2070343    2071071     729 atypical TTGAGG 5 1
  1891   -    2071332    2071898     567 native CGGAAA 7 1
  1892   -    2071971    2072771     801 native AGGACT 4 1
  1893   +    2073000    2074172    1173 native CGGGTA 5 1
  1894   +    2074174    2074488     315 native TGCAAA 4 1
  1895   +    2074727    2075854    1128 native AGGAAT 7 1
  1896   +    2075928    2076482     555 native AGGTTT 5 1
  1897   +    2076519    2077190     672 native AGGAGA 4 1
  1898   -    2077192    2078394    1203 native ACGAGT 8 1
  1899   -    2078401    2078724     324 native CGGATG 4 1
  1900   +    2079034    2080434    1401 native CAGAGA 5 1
  1901   +    2080561    2081871    1311 native ATGGGA 4 1
  1902   -    2081897    2082727     831 native ACGCTA 5 1
  1903   +    2082929    2083138     210 native AAGAGA 5 1
  1904   -    2083216    2083698     483 native AGGATT 4 1
  1905   -    2084047    2085078    1032 native AGGTTG 3 1
  1906   -    2085081    2085995     915 native TGAAGT 4 1
  1907   +    2086141    2089629    3489 native AGGACA 7 1
  1908   +    2089654    2090979    1326 native ATGCGA 5 1
  1909   +    2091064    2091570     507 native AAGCTA 5 1
  1910   +    2091683    2092207     525 atypical CGGAGG 5 1
  1911   +    2092217    2092951     735 native AGGTAA 4 1
  1912   -    2092988    2094244    1257 native AGAAGT 8 1
  1913   -    2094392    2095027     636 native AGGATA 5 1
  1914   +    2095145    2096005     861 native AGAAAA 6 1
  1915   -    2096009    2098021    2013 native CGGATC 7 1
  1916   -    2098263    2099858    1596 native AGGAAT 5 1
  1917   +    2100022    2102010    1989 native AGGAGG 7 1
  1918   +    2102099    2102653     555 native AGGCGC 4 1
  1919   +    2102760    2103275     516 native TGGATA 5 1
  1920   +    2103285    2103827     543 native AGGAGT 5 1
  1921   -    2103835    2104941    1107 native TGGAAC 6 1
  1922   -    2105138    2106622    1485 native AGGCGA 7 1
  1923   +    2107141    2108583    1443 native AGGAGG 7 1
  1924   +    2108695    2109969    1275 native AGGAGT 10 1
  1925   +    2110147    2110647     501 native AGCATG 4 1
  1926   +    2110681    2110842     162 atypical TGGAGC 6 1
  1927   +    2110863    2112329    1467 native TACAAA 5 1
  1928   +    2112672    2114930    2259 native AGGAGA 5 1
  1929   -    2115046    2115951     906 native TGGTGA 5 1
  1930   +    2116257    2118386    2130 native AGGAGG 4 1
  1931   +    2118684    2121338    2655 native AGGTAT 8 1
  1932   +    2121772    2124300    2529 native TGCAAT 6 1
  1933   -    2124368    2127268    2901 native AGGTTC 4 1
  1934   -    2127367    2127750     384 native TGGAGA 7 1
  1935   -    2127797    2128879    1083 native AGGACA 4 1
  1936   -    2129026    2129919     894 native CGGAAG 3 1
  1937   -    2130262    2132091    1830 native CGGATT 11 1
  1938   -    2132170    2133060     891 native AGGTTA 11 1
  1939   +    2133252    2133854     603 native TGGAGT 7 1
  1940   -    2133920    2134939    1020 native CCGAAT 3 1
  1941   +    2135184    2137316    2133 native TTGAGG 6 1
  1942   -    2137414    2138127     714 native AGGAGC 6 1
  1943   -    2138130    2139635    1506 native AGCAGG 4 1
  1944   -    2139632    2140825    1194 native TTGAGT 5 1
  1945   +    2140986    2142272    1287 native AGGAGT 5 1
  1946   +    2142558    2142980     423 atypical AGGAAG 2 1
  1947   -    2143086    2144093    1008 native AGGAGG 5 1
  1948   -    2144703    2145710    1008 native AGGAGG 5 1
  1949   +    2146141    2146698     558 atypical TCGAGG 4 1
  1950   -    2146813    2147376     564 atypical CGGAAC 8 1
  1951   +    2147435    2148172     738 atypical AAGGGA 4 1
  1952   -    2148256    2148594     339 native TGGAAA 4 1
  1953   -    2148672    2149337     666 native AGGAAT 7 1
  1954   +    2149865    2150320     456 native AGGGAT 5 1
  1955   +    2150317    2151252     936 native ATGAGT 8 1
  1956   +    2151249    2151503     255 native CTGAGC 7 1
  1957   +    2151500    2153218    1719 native AGGTGT 7 1
  1958   +    2153215    2154684    1470 native CGGAGG 6 1
  1959   +    2154674    2156038    1365 native AGGAGA 5 1
  1960   +    2156041    2157123    1083 native AGGAAA 7 1
  1961   +    2157136    2158488    1353 native AGGAAT 7 1
  1962   +    2158485    2159645    1161 native TGGAGG 7 1
  1963   +    2159638    2160708    1071 native AGGAGG 5 1
  1964   +    2160698    2162152    1455 native AAGAGG 7 1
  1965   +    2162149    2163075     927 native AGGTGG 4 1
  1966   +    2163065    2163847     783 native CGAAGC 6 1
  1967   +    2163844    2165082    1239 native AGGAGA 4 1
  1968   +    2165120    2166310    1191 native AGGAGA 7 1
  1969   +    2166410    2167315     906 native AGGAAT 5 1
  1970   +    2167452    2168381     930 native AGAAGT 5 1
  1971   +    2168480    2171221    2742 native CGGACA 11 1
  1972   +    2171238    2172455    1218 native AGCAAA 5 1
  1973   +    2172455    2172874     420 native TACCGT 5 1
  1974   -    2172903    2173244     342 native CTGATC 4 1
  1975   +    2173508    2174302     795 native AACAAT 7 1
  1976   -    2174303    2175811    1509 native ACGAAT 5 1
  1977   -    2175815    2176660     846 native ATGAGG 4 1
  1978   -    2176657    2177133     477 native CGGTGA 6 1
  1979   -    2177130    2178185    1056 native CAGAGG 5 1
  1980   -    2178276    2179625    1350 native AGGCTA 10 1
  1981   +    2179808    2180149     342 native TAGTGA 4 1
  1982   -    2180159    2181091     933 native TGGAAT 3 1
  1983   +    2181414    2182016     603 native AGGAGT 7 1
  1984   -    2182061    2182234     174 native GGGAGA 6 1
  1985   -    2182267    2182830     564 native CGGTTG 11 1
  1986   -    2182970    2184160    1191 native AAAAGA 5 1
  1987   -    2184345    2185436    1092 native AGGATA 5 1
  1988   -    2185517    2186104     588 native AGGCTA 6 1
  1989   -    2186185    2186814     630 native AGGAAT 6 1
  1990   -    2186899    2187840     942 native AGGGGA 5 1
  1991   -    2187971    2188828     858 native TGGACT 4 1
  1992   -    2188821    2189342     522 native TGGTTG 10 1
  1993   -    2189416    2191221    1806 native AGGTTT 9 1
  1994   +    2191426    2192703    1278 native TGGCCG 5 1
  1995   +    2192708    2193793    1086 native AACTGA 4 1
  1996   +    2193812    2194684     873 native TGGTGA 7 1
  1997   +    2194716    2195462     747 native AGGGGG 10 1
  1998   +    2195633    2196910    1278 native AGGATG 7 1
  1999   +    2197027    2198094    1068 native AGGTAA 7 1
  2000   -    2198132    2198716     585 native CGGAGC 6 1
  2001   -    2198796    2199200     405 native AGGAGG 7 1
  2002   -    2199263    2201197    1935 native TGGAAC 7 1
  2003   +    2201196    2202056     861 native AGGTAA 10 1
  2004   -    2202096    2202563     468 native AGGAAA 5 1
  2005   -    2202680    2203213     534 atypical AGGATT 9 1
  2006   -    2203210    2203413     204 native CCGACA 8 1
  2007   -    2203449    2203820     372 native GGGAAG 4 1
  2008   -    2203852    2204454     603 native TTGACG 5 1
  2009   -    2204575    2205138     564 native GGGAAT 11 1
  2010   +    2205573    2205974     402 atypical AGGAGA 5 1
  2011   -    2206060    2206659     600 native AGGATA 6 1
  2012   +    2206901    2207314     414 native AGGTCG 6 1
  2013   +    2207526    2208203     678 native TGGTTA 7 1
  2014   +    2208335    2209180     846 native AGGAAG 7 1
  2015   +    2209890    2211353    1464 native AGGAAT 4 1
  2016   +    2211412    2212407     996 native TGGCGC 7 1
  2017   +    2212408    2213442    1035 native ACGAGC 9 1
  2018   -    2213410    2213940     531 native TGGAAT 5 1
  2019   -    2213959    2214672     714 native AGGCTA 4 1
  2020   -    2214705    2215490     786 native CGGAGA 6 1
  2021   -    2215504    2216436     933 native AGGATG 4 1
  2022   -    2216430    2217863    1434 native CAGACA 5 1
  2023   +    2218125    2219120     996 native AGGAAA 5 1
  2024   +    2219287    2220117     831 native AGGCCC 5 1
  2025   -    2220197    2221213    1017 native AGGAAT 5 1
  2026   -    2221224    2222348    1125 native GAGATT 6 1
  2027   -    2222418    2224661    2244 native TGGGGA 5 1
  2028   -    2224834    2226675    1842 native TAGTTA 7 1
  2029   +    2226900    2228063    1164 native AGGAGG 11 1
  2030   -    2228096    2228827     732 atypical AGGTGA 6 1
  2031   -    2228895    2230205    1311 native CGGAGT 5 1
  2032   -    2230300    2231343    1044 native ATGTGA 5 1
  2033   +    2231534    2232376     843 native GGGAGT 5 1
  2034   +    2232547    2233113     567 native AGGGTA 6 1
  2035   +    2233246    2233914     669 native AGGAAT 4 1
  2036   -    2233973    2234710     738 native TGGACC 5 1
  2037   +    2234919    2235791     873 native CGGGGA 5 1
  2038   +    2235775    2236344     570 native CGGTAT 11 1
  2039   +    2236600    2237649    1050 native AGGAAT 8 1
  2040   +    2237960    2241577    3618 native AGGGAT 4 1
  2041   +    2241577    2242542     966 native GCGATT 5 1
  2042   +    2242694    2245681    2988 native TGGGGG 2 1
  2043   +    2245763    2247205    1443 native AGGATT 5 1
  2044   +    2247438    2248226     789 native AGGTAA 5 1
  2045   +    2248226    2249602    1377 native AGGAGG 7 1
  2046   +    2249608    2250129     522 native CGGCGT 7 1
  2047   +    2250145    2250555     411 native CAGAGA 9 1
  2048   +    2250558    2251202     645 native AGGAGC 7 1
  2049   +    2251215    2252513    1299 native AGGGCT 6 1
  2050   -    2252596    2253078     483 native ACGAGT 5 1
  2051   -    2253114    2253521     408 native AGGTTT 7 1
  2052   -    2253544    2254503     960 native AGGACT 3 1
  2053   -    2254520    2255185     666 native AGGAGC 4 1
  2054   +    2255256    2256380    1125 native AGGAAC 8 1
  2055   -    2256417    2257262     846 native AGGCCC 4 1
  2056   -    2257303    2258241     939 native TGGAGA 8 1
  2057   +    2258418    2258684     267 native AGGAGA 5 1
  2058   +    2258665    2259087     423 native TGGTGT 6 1
  2059   -    2259110    2260717    1608 native AGGTTT 7 1
  2060   +    2260975    2261616     642 native CGGAGG 7 1
  2061   +    2261636    2262322     687 native AGGATT 4 1
  2062   +    2262319    2263323    1005 native AGGCGA 7 1
  2063   +    2263331    2263774     444 native TGGAAT 9 1
  2064   +    2263797    2265182    1386 native AGGATC 3 1
  2065   +    2265311    2267110    1800 native CGGATG 7 1
  2066   +    2267110    2267475     366 native TGGACG 4 1
  2067   +    2267472    2268161     690 native AAGATT 7 1
  2068   +    2268161    2269051     891 native AGGAAG 4 1
  2069   +    2269057    2269698     642 native ACGACC 10 1
  2070   +    2269709    2270446     738 native AGGTGA 4 1
  2071   +    2270455    2270862     408 native AGGACT 4 1
  2072   -    2270835    2273666    2832 native AGGCTG 10 1
  2073   +    2273844    2274776     933 native ACGAGA 6 1
  2074   +    2274873    2276216    1344 native CAGAGT 5 1
  2075   +    2276209    2278461    2253 native AGGAAA 5 1
  2076   +    2278458    2279276     819 native AGGCGC 6 1
  2077   +    2279454    2282087    2634 native AGGGGA 5 1
  2078   +    2282413    2283066     654 native AGGAGT 6 1
  2079   +    2283536    2284738    1203 native AGGATT 6 1
  2080   +    2284899    2285591     693 native TGGTAT 6 1
  2081   +    2285617    2286414     798 native AGGACT 4 1
  2082   +    2286421    2287200     780 native TAGCGC 3 1
  2083   -    2287284    2289737    2454 native CAGAGA 5 1
  2084   -    2289920    2290165     246 native TAGAGT 9 1
  2085   +    2290294    2290785     492 native ACGAGA 6 1
  2086   -    2290841    2290936      96 native AGGAGT 5 1
  2087   -    2291057    2291830     774 native AAGAGA 11 1
  2088   +    2292010    2292807     798 native AGGCAG 6 1
  2089   +    2292804    2293643     840 native AGGATT 4 1
  2090   +    2293754    2294236     483 native AGGAGT 5 1
  2091   +    2294355    2295518    1164 native AGGTCG 3 1
  2092   +    2295640    2296065     426 native TGGAGC 6 1
  2093   +    2296140    2297288    1149 native AGGTAA 6 1
  2094   +    2297285    2298082     798 native AGGCCC 6 1
  2095   +    2298079    2299197    1119 native AGGGCA 6 1
  2096   +    2299230    2300510    1281 native TAGATC 6 1
  2097   +    2300564    2301226     663 native GGGATA 7 1
  2098   +    2301226    2302419    1194 native TGGAGA 6 1
  2099   +    2302512    2304011    1500 native AGGGTT 7 1
  2100   -    2304081    2304860     780 native AGGATA 6 1
  2101   -    2304873    2306663    1791 native GGGAGC 7 1
  2102   +    2306791    2307771     981 native TAGTGA 6 1
  2103   +    2307857    2308519     663 native TGGGGC 6 1
  2104   -    2308751    2309569     819 native ATGAGG 5 1
  2105   +    2309852    2310985    1134 native AGGGTT 4 1
  2106   +    2311018    2311584     567 native CGGTAA 5 1
  2107   -    2311689    2312255     567 native TGGAGA 5 1
  2108   -    2312311    2312952     642 native CGGAGA 8 1
  2109   -    2312984    2313694     711 native CGGAGG 11 1
  2110   -    2313684    2314175     492 native AGGACA 6 1
  2111   -    2314190    2315914    1725 native TGGAGA 6 1
  2112   -    2315911    2316231     321 native CGGAGA 7 1
  2113   -    2316247    2316552     306 native CCGAGG 3 1
  2114   -    2316600    2317484     885 native AGGAGA 6 1
  2115   -    2317790    2319907    2118 native TAGCGA 6 1
  2116   -    2320016    2321305    1290 native AGGATA 5 1
  2117   -    2321407    2322213     807 native AGGAAT 4 1
  2118   +    2322346    2323737    1392 native CAGAGT 7 1
  2119   +    2323908    2324720     813 native AGGAGT 7 1
  2120   +    2324773    2325192     420 native AGGTAG 3 1
  2121   -    2325233    2325982     750 native AAGTGA 13 1
  2122   -    2325989    2329321    3333 native AGGAAA 8 1
  2123   -    2329325    2330362    1038 native AGGAAT 9 1
  2124   -    2330393    2330491      99 native AAGAGA 7 1
  2125   -    2330491    2331615    1125 native AGGAAT 9 1
  2126   -    2331646    2331738      93 native AAGAGA 8 1
  2127   -    2331787    2334327    2541 atypical AGGACT 4 1
  2128   -    2334343    2335548    1206 atypical AGGAGC 6 1
  2129   -    2335647    2336690    1044 atypical AGGAGT 6 1
  2130   -    2336683    2338209    1527 native ACGACA 5 1
  2131   -    2338291    2338893     603 native TGGAAT 4 1
  2132   +    2339115    2339366     252 atypical TGGAGC 6 1
  2133   -    2339505    2340191     687 native AGGAGA 6 1
  2134   -    2340414    2341538    1125 native TGGAGC 4 1
  2135   +    2341782    2342285     504 native AAGAGT 6 1
  2136   +    2342394    2342732     339 native ATGACT 7 1
  2137   +    2342812    2344218    1407 native AGGGCT 8 1
  2138   +    2344315    2344785     471 native AGGAAT 4 1
  2139   +    2344901    2345365     465 native ATGAGG 6 1
  2140   +    2345378    2345848     471 native AGGAGT 7 1
  2141   +    2346008    2346778     771 native AGGTAA 6 1
  2142   +    2346775    2348301    1527 native AGGTGA 10 1
  2143   +    2348298    2349251     954 native AGGAAT 5 1
  2144   -    2349290    2350117     828 native AGGAAG 8 1
  2145   +    2350290    2351174     885 native AGGAGC 4 1
  2146   +    2351171    2351962     792 native TGGAGA 7 1
  2147   -    2351959    2352489     531 native CCGATC 8 1
  2148   -    2352666    2352875     210 native AGGAAA 5 1
  2149   -    2353328    2353849     522 native TGGAGA 7 1
  2150   -    2353846    2354814     969 native CGGAGG 6 1
  2151   +    2354987    2355598     612 native AGGTGG 4 1
  2152   -    2355675    2357972    2298 native TGGAGC 7 1
  2153   -    2357969    2358208     240 native TGGATA 3 1
  2154   +    2358634    2359110     477 native AGGTTG 5 1
  2155   -    2359185    2361116    1932 native TGGTCC 7 1
  2156   -    2361201    2361857     657 native TGGAAA 12 1
  2157   -    2361854    2362546     693 native TGGAGG 10 1
  2158   +    2362665    2363303     639 native CAGAGG 6 1
  2159   +    2363314    2364117     804 native AAGTGA 6 1
  2160   +    2364250    2364852     603 native TGGAGC 5 1
  2161   +    2365036    2366394    1359 native AGGGGC 9 1
  2162   +    2366443    2367519    1077 native CGGTAC 6 1
  2163   +    2367509    2368195     687 native AGAAAA 7 1
  2164   +    2368347    2368892     546 native AGGGAA 6 1
  2165   -    2368963    2369598     636 native AGGTAC 5 1
  2166   -    2369534    2370007     474 native AAGCCT 6 1
  2167   +    2370748    2371455     708 native AGGTGA 5 1
  2168   -    2371437    2371859     423 native TCGACA 7 1
  2169   +    2372104    2372964     861 native GGGAGC 5 1
  2170   +    2373041    2374747    1707 native TGGGTC 5 1
  2171   +    2374783    2375229     447 atypical AGGATG 4 1
  2172   -    2375308    2378439    3132 native AGGGGT 10 1
  2173   -    2378455    2379465    1011 native AGGCCC 4 1
  2174   +    2379979    2381157    1179 native TGGAGG 7 1
  2175   +    2381157    2383121    1965 native AGGTAA 6 1
  2176   +    2383334    2383843     510 native AGGAAA 5 1
  2177   +    2383847    2385754    1908 native CGGAGT 5 1
  2178   +    2385754    2386068     315 native AAGCTA 5 1
  2179   -    2386125    2386895     771 native TAGAGA 8 1
  2180   -    2386923    2388377    1455 native AGGTGA 3 1
  2181   +    2388496    2389527    1032 native AGGTAC 5 1
  2182   -    2389547    2392408    2862 native AGGAGC 4 1
  2183   -    2392417    2392677     261 native AGGAGC 5 1
  2184   -    2392747    2394258    1512 native AGGGGC 4 1
  2185   +    2394425    2394970     546 native GAGAGT 5 1
  2186   +    2395013    2397070    2058 native GGGATA 5 1
  2187   -    2397045    2397446     402 native AGGGTA 4 1
  2188   +    2397851    2398804     954 native CGGCGT 12 1
  2189   +    2398801    2399907    1107 native ATGAGA 7 1
  2190   -    2399972    2400766     795 native TGGATA 5 1
  2191   -    2400932    2401798     867 native GGGTGA 7 1
  2192   +    2402009    2402872     864 native TGGCAT 10 1
  2193   +    2402944    2403864     921 native TGCAGC 5 1
  2194   -    2403851    2404420     570 native TGGATG 5 1
  2195   -    2404486    2405430     945 native CTGAGG 5 1
  2196   +    2405550    2406803    1254 native GGGAAC 4 1
  2197   -    2406807    2407694     888 native AGGATA 8 1
  2198   -    2407702    2409822    2121 native TGGTTA 3 1
  2199   -    2409815    2410996    1182 native AGGAGT 5 1
  2200   -    2411025    2411432     408 native GAGAGT 8 1
  2201   -    2411438    2412202     765 native TAGAGA 5 1
  2202   +    2412449    2413393     945 native CGGATA 3 1
  2203   -    2413413    2413739     327 native AGGTAA 5 1
  2204   -    2413837    2414316     480 native GTGAGG 4 1
  2205   -    2414396    2415151     756 native GGGAAG 4 1
  2206   +    2415264    2415848     585 native TGGAGG 6 1
  2207   -    2415874    2416401     528 native CGGCAA 4 1
  2208   -    2416370    2417746    1377 native CAGAGC 8 1
  2209   +    2418003    2418665     663 native ACGAGG 6 1
  2210   +    2418815    2419816    1002 native CGGCTA 7 1
  2211   -    2419826    2420794     969 native CGGAGT 4 1
  2212   -    2421023    2421307     285 native TGGATA 7 1
  2213   -    2421304    2423166    1863 native AGGCAA 2 1
  2214   +    2423260    2423907     648 native AAGAGG 5 1
  2215   +    2423904    2424572     669 native GGGAGC 8 1
  2216   +    2424580    2425332     753 native CGGTAA 7 1
  2217   +    2425343    2425531     189 atypical AGGACT 6 1
  2218   +    2425515    2425970     456 native GGGAGA 6 1
  2219   +    2425975    2427969    1995 native AGGGAT 7 1
  2220   +    2427966    2428487     522 native GGGAGT 6 1
  2221   +    2428487    2428978     492 native AGGCGA 7 1
  2222   +    2428975    2430210    1236 native AGGCCG 7 1
  2223   -    2430301    2431323    1023 native AGGACA 4 1
  2224   -    2431453    2437302    5850 native AAGAAA 8 1
  2225   -    2437316    2438428    1113 native GGGAGC 5 1
  2226   -    2438448    2438906     459 native AAGAGG 6 1
  2227   -    2438921    2439919     999 native AGGAGC 5 1
  2228   -    2439930    2444543    4614 native CGGATT 13 1
  2229   -    2445247    2446365    1119 native AGGAGA 6 1
  2230   +    2446729    2448678    1950 native GGGAGA 6 1
  2231   +    2448799    2449488     690 native AGGAGG 5 1
  2232   -    2449537    2452983    3447 native AGGATC 3 1
  2233   +    2453232    2453588     357 native AGGTGG 4 1
  2234   +    2453585    2455165    1581 native CGGTGA 4 1
  2235   +    2455217    2457016    1800 native AGGGAA 4 1
  2236   +    2457013    2457636     624 native TGGAAA 7 1
  2237   +    2457726    2458418     693 native AGGGAT 5 1
  2238   +    2458423    2460795    2373 native AGGTAA 4 1
  2239   +    2460799    2461662     864 native CGGAGT 5 1
  2240   +    2461694    2462116     423 native AGGAGT 5 1
  2241   +    2462330    2462824     495 native AGGAGT 5 1
  2242   +    2462937    2463815     879 native TGGGCT 9 1
  2243   -    2463890    2465665    1776 native AGGAGC 5 1
  2244   -    2465678    2465947     270 native AGGATT 5 1
  2245   -    2466163    2468454    2292 native CGGACG 7 1
  2246   +    2468674    2469306     633 native AGGGAC 6 1
  2247   -    2469295    2471625    2331 native GTGAGT 8 1
  2248   +    2471800    2473149    1350 native AGGTGG 4 1
  2249   +    2473270    2474586    1317 native TGGAGC 7 1
  2250   -    2474636    2475661    1026 native GAGAGT 6 1
  2251   +    2475757    2476587     831 native AAGTGA 6 1
  2252   +    2476610    2476738     129 native AGGTGC 7 1
  2253   +    2476883    2477248     366 native CGGCAT 8 1
  2254   +    2477364    2478368    1005 native TGGATA 4 1
  2255   +    2478505    2480586    2082 native CAGATT 9 1
  2256   +    2480608    2481195     588 native AGGATC 6 1
  2257   +    2481176    2481733     558 native AGGAAA 4 1
  2258   -    2481792    2482838    1047 native CAGACA 8 1
  2259   -    2483142    2483822     681 native TGGATT 5 1
  2260   +    2484218    2484628     411 native TGAAGG 4 1
  2261   -    2484667    2485545     879 native AGGACT 7 1
  2262   +    2485729    2486745    1017 native AGGAAT 11 1
  2263   +    2486850    2487191     342 native TGGTAG 6 1
  2264   +    2487308    2488399    1092 native GGGAGA 5 1
  2265   +    2488467    2488718     252 atypical TGGAGG 6 1
  2266   +    2488722    2489444     723 native AGGAAC 6 1
  2267   -    2489499    2489786     288 native TGGAGC 5 1
  2268   -    2489943    2492624    2682 native AGGGTT 12 1
  2269   +    2492876    2493664     789 native CGGAGA 10 1
  2270   +    2493693    2494604     912 native CTGATC 3 1
  2271   -    2494570    2495439     870 native AGGAGT 9 1
  2272   +    2495577    2496461     885 native AGGTTT 4 1
  2273   +    2496464    2497420     957 native CGGAGA 6 1
  2274   +    2497420    2498262     843 native AAGCGA 6 1
  2275   +    2498252    2498497     246 native ACGAGG 5 1
  2276   +    2498523    2499344     822 native AGGTAA 6 1
  2277   +    2499364    2501991    2628 native TCGAGG 5 1
  2278   +    2502088    2503470    1383 native TAGAGG 6 1
  2279   +    2503707    2504924    1218 native CGGGGT 5 1
  2280   +    2504927    2507410    2484 native AAGAGT 4 1
  2281   +    2507514    2508371     858 native AGGAGT 4 1
  2282   +    2508387    2509439    1053 native GAGATT 6 1
  2283   -    2510713    2513817    3105 native AGGCAA 7 1
  2284   -    2513814    2514896    1083 native TGGAAT 7 1
  2285   +    2515055    2517019    1965 native CGGAAC 11 1
  2286   +    2517016    2517492     477 native AGGCAA 7 1
  2287   -    2517568    2518362     795 native AGTAGA 5 1
  2288   +    2518731    2520878    2148 native TGGAGA 7 1
  2289   +    2520903    2522078    1176 native AGGAGA 8 1
  2290   +    2522416    2523150     735 native AGGTCA 7 1
  2291   -    2523325    2523447     123 native TGGAGG 6 1
  2292   +    2523793    2524620     828 atypical AGGATT 9 1
  2293   +    2525058    2525579     522 atypical AGGAAG 6 1
  2294   +    2525604    2526047     444 atypical GCGAGA 5 1
  2295   +    2526120   >2526461     342 native AGGTGT 3 1
  2296   -    2526556    2526915     360 native AGGTGT 3 1
  2297   +    2527246    2527458     213 native TGGGGT 5 1
  2298   +    2527465    2527947     483 atypical ATGAAA 4 1
  2299   +    2528049    2528354     306 atypical CGCAGA 5 1
  2300   -    2528504    2528758     255 native TGTATT 7 1
  2301   +    2528933    2529175     243 native GGGAGT 5 1
  2302   +    2529259    2530116     858 native ACGAGC 7 1
  2303   +    2530534    2531298     765 native AGGAGA 8 1
  2304   +    2531310    2532152     843 native GAGAGA 7 1
  2305   -    2532291    2532803     513 native AAGAAG 5 1
  2306   -    2532804    2533088     285 native AGGTAA 4 1
  2307   +    2533311    2533865     555 native AGGACT 5 1
  2308   +    2534011    2535081    1071 native ACGAGG 5 1
  2309   +    2535184    2535399     216 atypical GCGAGA 6 1
  2310   -    2535420    2536673    1254 native AGGACA 7 1
  2311   -    2536782    2538311    1530 native AGGCTC 4 1
  2312   -    2538488    2539213     726 native GGGACG 6 1
  2313   -    2539433    2540704    1272 native TGGAGG 4 1
  2314   +    2541009    2541950     942 native AGGAGT 5 1
  2315   -    2542017    2543168    1152 native AGGATT 5 1
  2316   +    2543346    2544005     660 native AGGAAA 4 1
  2317   +    2544009    2547512    3504 native AGGAAG 11 1
  2318   +    2547755    2548939    1185 native CGGATT 7 1
  2319   +    2549040   >2551100    2061 native TAGAGA 5 1
  2320   +    2551689    2552381     693 native AGGGCG 5 1
  2321   +    2552398    2552805     408 native AGGAGA 5 1
  2322   +    2552864    2553355     492 native AGAAAA 4 1
  2323   +    2554345    2554866     522 atypical AGGATG 8 1
  2324   +    2554863    2555261     399 native TGGGTA 10 1
  2325   +    2555484    2556470     987 native ATGAGA 7 1
  2326   +    2556482    2556715     234 native CGGAGA 5 1
  2327   +    2556762    2557676     915 native TGGAGT 5 1
  2328   -    2557888    2559573    1686 native AGGAAG 4 1
  2329   -    2559567    2561612    2046 native AGGAGG 6 1
  2330   -    2561609    2562622    1014 native TGGAGC 6 1
  2331   -    2562619    2563143     525 native AGGGAA 7 1
  2332   -    2563140    2564078     939 native CGGTTG 7 1
  2333   -    2564081    2565040     960 native AGGAAC 8 1
  2334   +    2565259    2570094    4836 native ACGAGA 7 1
  2335   +    2570208    2571341    1134 native AGGGCT 5 1
  2336   +    2571338    2571562     225 native AGGATC 4 1
  2337   +    2571663    2572691    1029 native TTGAGG 5 1
  2338   -    2572783    2572977     195 native AGGAAG 7 1
  2339   +    2573146    2575287    2142 native GGGATT 7 1
  2340   +    2575630    2576856    1227 native AGGACC 4 1
  2341   +    2577063    2578058     996 native GGGAGG 7 1
  2342   +    2578175    2578444     270 atypical TAGTGA 7 1
  2343   +    2578434    2579567    1134 atypical TCGCCA 7 1
  2344   +    2579561    2580286     726 atypical GGGTGC 6 1
  2345   +    2580430    2583573    3144 native AGGGAT 5 1
  2346   +    2583699    2583935     237 native GAGAGA 5 1
  2347   +    2584116    2584394     279 native ACGTTC 7 1
  2348   -    2584476    2587571    3096 native AGGCTT 6 1
  2349   -    2587574    2588668    1095 native GGGAAA 5 1
  2350   -    2588856    2589554     699 native CGGACC 6 1
  2351   -    2589547    2590695    1149 native CAGAGA 7 1
  2352   +    2590773    2591423     651 native AGGAGC 5 1
  2353   -    2591441    2591680     240 native TGGAGA 5 1
  2354   +    2591732    2592487     756 native AGGCTT 4 1
  2355   -    2592522    2595779    3258 native AGGTAC 7 1
  2356   -    2595776    2596225     450 native CGGAGT 6 1
  2357   +    2596792    2598039    1248 atypical ACGAGA 7 1
  2358   +    2598162    2598659     498 atypical TGGAAG 4 1
  2359   +    2598705    2599211     507 native AAGAGG 6 1
  2360   +    2599371    2599625     255 atypical AGGTGG 3 1
  2361   +    2599618    2599881     264 native AAGAGA 8 1
  2362   +    2599978    2600337     360 native AGGTGT 3 1
  2363   +    2600355    2601161     807 native TGGTAT 7 1
  2364   +    2601249    2601614     366 atypical AGGAGC 5 1
  2365   +    2601825    2602286     462 atypical CAGTCT 7 1
  2366   +    2602291    2602881     591 atypical AGGAGG 7 1
  2367   -    2603121    2603279     159 native AAGCGC 7 1
  2368   -    2603276    2605750    2475 native ACGCGT 4 1
  2369   +    2605871    2606053     183 native AGGAGA 5 1
  2370   +    2606124    2606327     204 native AGGAAC 5 1
  2371   +    2606387    2608498    2112 native AAGATT 9 1
  2372   +    2608491    2609309     819 native AGGAAG 10 1
  2373   +    2609352    2609843     492 native GGGAGA 6 1
  2374   +    2609888    2611201    1314 native TGGTCA 5 1
  2375   -    2611257    2611610     354 native AGGAGT 7 1
  2376   +    2611786    2612292     507 native TAGAGT 11 1
  2377   -    2612296    2612727     432 native CGGAGT 5 1
  2378   -    2612863    2614281    1419 native ACGAGT 10 1
  2379   +    2614520    2615815    1296 native AGGATT 6 1
  2380   +    2615980    2617209    1230 native CGGAGC 6 1
  2381   +    2617219    2617464     246 native AAGAGT 5 1
  2382   +    2617614    2619575    1962 native AGGTCA 10 1
  2383   -    2619699    2622392    2694 native TGGACA 7 1
  2384   +    2622658    2623629     972 native CGGGGA 5 1
  2385   +    2623651    2625093    1443 native AGGAGC 5 1
  2386   +    2625140    2625496     357 native AGGAAA 5 1
  2387   -    2625541    2626218     678 native TGGAGC 4 1
  2388   +    2626505    2626762     258 atypical AGGAAA 5 1
  2389   +    2626853    2627767     915 native AGGGCA 4 1
  2390   -    2627873    2628724     852 atypical AGGAAC 3 1
  2391   +    2629125    2629529     405 native AGGATG 5 1
  2392   +    2629533    2630279     747 native AGGAGT 5 1
  2393   -    2630301    2631473    1173 native CGGAGG 5 1
  2394   -    2631463    2632395     933 native AGGTTA 7 1
  2395   -    2632392    2633345     954 native AAGAGA 7 1
  2396   -    2633342    2633989     648 native TAGAGT 8 1
  2397   +    2634145    2635005     861 native GGGAGC 6 1
  2398   -    2635079    2636215    1137 native AGGTAA 4 1
  2399   -    2636240    2637619    1380 native AGGCCA 3 1
  2400   -    2637653    2638783    1131 native AGGGCT 9 1
  2401   +    2639064    2639942     879 native AGGGTC 5 1
  2402   +    2639939    2640493     555 native TTGAGC 8 1
  2403   -    2640490    2640720     231 native AGGTAA 5 1
  2404   -    2640738    2641580     843 native TGGCTA 5 1
  2405   -    2641603    2642979    1377 native CAGTAG 4 1
  2406   +    2643246    2643713     468 native AGGAAT 6 1
  2407   +    2643844    2645724    1881 native TGGATA 7 1
  2408   +    2645724    2646599     876 native TGGTAT 5 1
  2409   +    2646678    2648162    1485 native TGGAAG 7 1
  2410   +    2648242    2649822    1581 native TGGAAA 5 1
  2411   +    2650252   >2654925    4674 native AGGATG 6 1
  2412   +   <2655024    2658284    3261 native
  2413   +    2658467    2659678    1212 native AGGGTA 7 1
  2414   -    2659700    2660362     663 native AGGAAC 4 1
  2415   -    2660478    2661947    1470 native AGGAGC 4 1
  2416   +    2662171    2663241    1071 native AGGTTT 6 1
  2417   +    2663238    2664302    1065 native GGGTGA 7 1
  2418   -    2664314    2664760     447 native CCGAGG 5 1
  2419   +    2664935    2665573     639 native AGGAGC 6 1
  2420   -    2665641    2666561     921 native TGGATT 8 1
  2421   +    2666831    2667235     405 native AGGTTG 5 1
  2422   +    2667232    2667804     573 native TCGAAC 7 1
  2423   -    2668246    2669856    1611 native AGGAGG 10 1
  2424   -    2669856    2670764     909 native AGGCCG 3 1
  2425   +    2670936    2671565     630 native GAGAGA 7 1
  2426   +    2671685    2672800    1116 native CGGAGA 6 1
  2427   +    2672929    2673078     150 native AGGAAA 5 1
  2428   +    2673075    2673632     558 native AGGCGA 12 1
  2429   -    2673660    2674502     843 native AGGATT 4 1
  2430   -    2674621    2675487     867 native ACAAAT 8 1
  2431   -    2675519    2676694    1176 native TGCAGA 6 1
  2432   -    2676713    2676922     210 atypical ACGAGA 7 1
  2433   -    2676919    2677416     498 native AGGAAT 5 1
  2434   -    2677427    2678788    1362 native AGGAGC 5 1
  2435   -    2678799    2681111    2313 native AGGTAC 5 1
  2436   +    2681459    2683402    1944 native AGGAAT 8 1
  2437   -    2683488    2684399     912 atypical AGGATT 7 1
  2438   -    2684544    2685140     597 native CGGAGA 9 1
  2439   +    2685829    2686887    1059 native TGGTTA 12 1
  2440   +    2686884    2688071    1188 native AGGATG 4 1
  2441   +    2688116    2688481     366 native GGGAGA 9 1
  2442   +    2688556    2690415    1860 native AGGGCA 5 1
  2443   +    2690412    2691320     909 native AGGAGG 6 1
  2444   +    2691419    2692267     849 native AGGTGT 3 1
  2445   +    2692671    2693804    1134 native AGGATA 4 1
  2446   -    2693818    2694741     924 native CGGTTT 9 1
  2447   +    2694840    2695577     738 native AGGAGT 5 1
  2448   +    2695708    2696007     300 native AGGCTT 5 1
  2449   +    2696087    2696410     324 native CGGGTA 7 1
  2450   -    2696418    2696630     213 native AGGAAG 7 1
  2451   +    2696820    2697758     939 atypical AGGTGA 3 1
  2452   +    2698115    2699026     912 native AGGTGC 4 1
  2453   -    2698933    2700291    1359 atypical TGGATT 5 1
  2454   -    2700384    2700809     426 native CCGTGT 7 1
  2455   -    2700848    2701150     303 native AGGAAC 3 1
  2456   +    2701383    2702051     669 native CGGAAG 9 1
  2457   -    2702056    2702343     288 native AAGAGA 8 1
  2458   -    2702336    2702695     360 atypical TGGTAC 5 1
  2459   +    2703324    2703974     651 atypical AGGGAT 5 1
  2460   +    2704493    2705746    1254 atypical TAGAGT 8 1
  2461   +    2705731    2708130    2400 atypical AGGATA 4 1
  2462   +    2708127    2709041     915 atypical AGGTTT 5 1
  2463   +    2709486    2710190     705 atypical TGGAGT 4 1
  2464   +    2710429    2710848     420 atypical AGAATT 6 1
  2465   -    2711305    2711607     303 native CAGAGT 7 1
  2466   -    2711609    2711962     354 native AGGAAG 4 1
  2467   -    2712157    2715099    2943 native AGCAGC 7 1
  2468   -    2715244    2715807     564 native AAGAGA 8 1
  2469   -    2715807    2716268     462 native GGGAAC 9 1
  2470   -    2716265    2717152     888 native AGAACT 10 1
  2471   -    2717152    2718279    1128 native AGGATT 4 1
  2472   -    2718331    2718891     561 native AGGATT 6 1
  2473   +    2719070    2719633     564 native AGGTAG 5 1
  2474   +    2719811    2720299     489 native AGGTGG 8 1
  2475   +    2720464    2721423     960 native CGGATC 7 1
  2476   +    2721425    2723791    2367 native AGGAGA 8 1
  2477   +    2723788    2724564     777 native AGGAGA 6 1
  2478   +    2724564    2725796    1233 native GCGAGC 6 1
  2479   +    2726101    2727384    1284 native CGGTTT 5 1
  2480   +    2727381    2728520    1140 native AGGTGC 6 1
  2481   +    2728517    2731633    3117 native GGGAGA 6 1
  2482   -    2731636    2733204    1569 native AGGAGT 5 1
  2483   -    2733348    2736557    3210 native AGGAGA 6 1
  2484   -    2736560    2737612    1053 native AGGAGA 10 1
  2485   -    2737859    2738011     153 native AGGAAC 5 1
  2486   -    2738094    2738648     555 native CGGGGC 4 1
  2487   +    2738820    2739230     411 native AGGTGT 5 1
  2488   +    2739250    2739501     252 native GGGAGT 5 1
  2489   +    2739535    2739846     312 native CGGAGA 8 1
  2490   -    2739873    2740436     564 native CGGGGC 5 1
  2491   -    2740531    2740872     342 native AGGTAT 5 1
  2492   +    2741255    2741833     579 native ACAATA 5 1
  2493   +    2741868    2742392     525 native AGGAGC 5 1
  2494   +    2742404    2742598     195 native AGGTAA 6 1
  2495   +    2742645    2743841    1197 native AAGTGA 7 1
  2496   +    2743869    2744333     465 native AGGAAG 9 1
  2497   +    2744407    2744826     420 native AGGAGC 7 1
  2498   +    2744905    2746128    1224 native AGGAGA 4 1
  2499   +    2746208    2746819     612 native AGGAAT 4 1
  2500   +    2746926    2749202    2277 native AGGAAT 4 1
  2501   -    2749255    2749932     678 native AGGTTA 6 1
  2502   -    2750100    2750636     537 native ACGAGA 12 1
  2503   +    2750788    2751726     939 native AGGAAA 6 1
  2504   -    2751782    2753263    1482 native AGGAGC 5 1
  2505   +    2753670    2754311     642 atypical AGGAAA 5 1
  2506   +    2754330    2755937    1608 atypical TGGAGT 8 1
  2507   +    2756011    2756370     360 native AGGTGT 3 1
  2508   +    2756388    2756633     246 native GGGATT 6 1
  2509   +    2756651    2757193     543 native CCGAGC 7 1
  2510   +    2757278    2757694     417 atypical AGGAGT 5 1
  2511   +    2757800    2758519     720 atypical AGGAGT 4 1
  2512   +    2758659    2759090     432 atypical AGGGTG 4 1
  2513   +    2759156    2759491     336 atypical AGGATT 7 1
  2514   +    2759831    2759965     135 native TGGTGT 5 1
  2515   +    2760059    2760340     282 native AAGATA 7 1
  2516   +    2760522    2762642    2121 native CGGAGT 5 1
  2517   +    2762915    2763268     354 native TGGATG 3 1
  2518   -    2763265    2764104     840 native AGGAAT 9 1
  2519   -    2764132    2764731     600 native AGGAGA 5 1
  2520   -    2764947    2766428    1482 native CGGAGT 5 1
  2521   -    2766556    2767845    1290 native TGGATA 6 1
  2522   -    2767802    2768461     660 native AGGACA 4 1
  2523   -    2768458    2769189     732 native TGGATC 5 1
  2524   -    2769182    2769760     579 native AGGAAG 6 1
  2525   -    2769910    2770914    1005 native AGGAAC 2 1
  2526   +    2771254    2771982     729 native AGGATG 6 1
  2527   -    2772068    2772781     714 native GAGAGA 6 1
  2528   -    2772778    2773473     696 native AGGACT 7 1
  2529   -    2773479    2774525    1047 native ACGAGC 5 1
  2530   -    2774541    2776733    2193 native TGGAGA 6 1
  2531   -    2776730    2777338     609 native AAGCAT 4 1
  2532   -    2777359    2778000     642 native AGAAGT 9 1
  2533   -    2778138    2780867    2730 native AAGAGA 5 1
  2534   +    2781202    2783391    2190 native GGGATG 4 1
  2535   +    2783393    2784370     978 native AGGAGG 8 1
  2536   +    2784367    2785800    1434 native GGGTGC 7 1
  2537   +    2785809    2787425    1617 native AGGAGT 4 1
  2538   +    2787480    2787761     282 native TAGAGG 4 1
  2539   -    2787758    2789212    1455 native TCGAGT 9 1
  2540   +    2789436    2790530    1095 native AGGAGT 5 1
  2541   +    2790866    2792908    2043 native AGGCAG 5 1
  2542   -    2792963    2795341    2379 native CTGATG 4 1
  2543   -    2795325    2795840     516 native AGGAAA 6 1
  2544   +    2796000    2797460    1461 native TGAATT 7 1
  2545   +    2797463    2798380     918 native AAGAGT 7 1
  2546   +    2798386    2802048    3663 native GGGAAT 7 1
  2547   +    2802048    2802455     408 native AAGAGT 7 1
  2548   +    2802475    2803209     735 native TCGTTA 7 1
  2549   -    2803354    2804949    1596 native AGGAAT 7 1
  2550   -    2804976    2806427    1452 native AGGAAG 4 1
  2551   -    2806460    2806915     456 native AGGAAA 8 1
  2552   -    2807039    2808214    1176 native AGGAGA 7 1
  2553   +    2808438    2811056    2619 atypical TGGAGA 9 1
  2554   -    2811074    2811247     174 native AAGACA 5 1
  2555   +    2811846    2813327    1482 native AGGAAA 6 1
  2556   +    2813417    2814553    1137 native TGGAGT 7 1
  2557   +    2814559    2814843     285 native AGGAAT 7 1
  2558   +    2814856    2816265    1410 native AGGTAA 7 1
  2559   +    2816473    2817588    1116 native TGGAGT 7 1
  2560   -    2817593    2818519     927 native TCGAAC 11 1
  2561   +    2818671    2819210     540 native CGGAGA 8 1
  2562   -    2819231    2819842     612 native CAGCGA 5 1
  2563   -    2819836    2821575    1740 native CGGAAG 14 1
  2564   +    2821775    2822425     651 native AGGAAA 4 1
  2565   +    2822495    2823067     573 native AGGACG 6 1
  2566   +    2823146    2823493     348 atypical TAGAGC 10 1
  2567   +    2823596    2824228     633 native TAGAAA 6 1
  2568   -    2824336    2824893     558 atypical GGGAGA 5 1
  2569   -    2825174    2825407     234 atypical AGGTAC 6 1
  2570   -    2825404    2825781     378 atypical AGGATT 5 1
  2571   -    2825841    2826092     252 atypical ATCATA 7 1
  2572   +    2826290    2826541     252 native TGGAGC 6 1
  2573   +    2826630    2826872     243 native TGGAGG 6 1
  2574   +    2826869    2827153     285 atypical ATGAAA 7 1
  2575   -    2827267    2827557     291 atypical AAGAGC 7 1
  2576   -    2827554    2827817     264 atypical AAGAGA 8 1
  2577   -    2827939    2828355     417 native AGGAAG 2 1
  2578   -    2829029    2829823     795 native TGGATA 5 1
  2579   -    2829836    2832565    2730 native AGGCAA 3 1
  2580   +    2833105    2835663    2559 native GAGAGA 7 1
  2581   +    2835677    2836045     369 native AGGAGC 5 1
  2582   +    2836105    2837577    1473 native TGGAAA 7 1
  2583   +    2837686    2839437    1752 native GCGAGT 5 1
  2584   +    2839466    2840077     612 native CTGTGT 5 1
  2585   -    2840111    2841352    1242 native AAGAGA 6 1
  2586   -    2841439    2842575    1137 native AGGAGA 5 1
  2587   -    2842636    2843487     852 native AGGAAA 4 1
  2588   -    2843497    2844501    1005 native AGGAGT 6 1
  2589   -    2844574    2845959    1386 native AGGGGA 6 1
  2590   -    2846445    2847638    1194 native ATGAAC 7 1
  2591   -    2847631    2848248     618 native CGGAAT 12 1
  2592   +    2848521    2850641    2121 native TAGCGA 5 1
  2593   +    2850857    2851168     312 native TGGAGA 5 1
  2594   -    2851500    2853188    1689 native AGGCAT 4 1
  2595   -    2853200    2853499     300 native CTGAGT 6 1
  2596   -    2853508    2855733    2226 native AGGAAA 4 1
  2597   -    2855942    2856544     603 native AGGACG 4 1
  2598   +    2856860    2857981    1122 native TGGAGA 6 1
  2599   -    2858055    2860208    2154 native AGGGGA 5 1
  2600   -    2860524    2860928     405 atypical AGGATC 4 1
  2601   +    2861034    2861603     570 atypical ATGACA 6 1
  2602   +    2861953    2862423     471 native CGGACG 6 1
  2603   -    2863213    2864016     804 atypical AGGCGT 9 1
  2604   -    2864013    2864606     594 atypical AGGAGA 6 1
  2605   -    2864934    2865608     675 atypical AGGAGG 7 1
  2606   -    2865605    2865811     207 atypical AGGATA 5 1
  2607   +    2865993    2869454    3462 native AGGATT 2 1
  2608   +    2869451    2873242    3792 native TGGAGG 6 1
  2609   +    2873242    2875179    1938 native GGGAGT 9 1
  2610   +    2875243    2877975    2733 native CGGAGA 7 1
  2611   -    2878079    2883001    4923 native TGGAAT 9 1
  2612   -    2883224    2884435    1212 native CAGAGT 7 1
  2613   -    2884571    2885353     783 native AGGAAG 6 1
  2614   -    2885340    2886938    1599 native CGGATT 9 1
  2615   -    2886931    2887989    1059 native ACGACA 6 1
  2616   -    2888164    2889090     927 native TGGAGA 7 1
  2617   +    2889296    2890318    1023 native AGGGGC 5 1
  2618   -    2890287    2891396    1110 native AGGCCT 3 1
  2619   +    2891555    2893210    1656 native AGGAAG 10 1
  2620   -    2893225    2894445    1221 native CGGAGC 6 1
  2621   +    2894575    2895513     939 native TGGAGT 5 1
  2622   -    2895647    2896225     579 native GAGTGA 6 1
  2623   -    2896305    2897198     894 native AGGAGC 5 1
  2624   -    2897297    2898577    1281 native AGGAGG 7 1
  2625   +    2899160    2899417     258 native CGCTGT 7 1
  2626   +    2899411    2899758     348 native GGGAGT 6 1
  2627   +    2899762    2901534    1773 native TGGAGT 9 1
  2628   +    2901550    2902260     711 native GGGAGT 6 1
  2629   +    2902526    2905363    2838 native AGGGTG 7 1
  2630   +    2905392    2906612    1221 native AGGAAA 5 1
  2631   +    2906651    2908090    1440 native AGGAAT 5 1
  2632   +    2908169    2909335    1167 native AGGATA 6 1
  2633   +    2909335    2910207     873 native CGGAGG 7 1
  2634   -    2910558    2910797     240 native AGGTGG 4 1
  2635   +    2911093    2911752     660 atypical AGGAGG 4 1
  2636   +    2911771    2912034     264 atypical ACGTTA 7 1
  2637   +    2912193    2912501     309 native AGGTGC 5 1
  2638   +    2912636    2913364     729 atypical TCGAAA 4 1
  2639   +    2913442    2914620    1179 atypical TGGCAA 7 1
  2640   +    2914653    2915012     360 native AGGTGT 3 1
  2641   +    2915030    2915275     246 native GGGATT 6 1
  2642   +    2915293    2915835     543 native CCGAGC 7 1
  2643   +    2915903    2916130     228 atypical AGGATA 3 1
  2644   -    2917124    2917360     237 atypical AGAAGC 5 1
  2645   +    2917665    2917979     315 atypical AGGCGT 11 1
  2646   +    2918132    2918281     150 native TGGAGT 7 1
  2647   +    2918582    2919022     441 native TGGAGA 5 1
  2648   -    2919118    2919825     708 native AGGGCA 5 1
  2649   +    2920021    2920227     207 native AGGATG 3 1
  2650   +    2920296    2922191    1896 native CGGAGG 5 1
  2651   -    2922346    2922810     465 native TAGTTG 3 1
  2652   -    2922974    2924335    1362 native AGGAGA 5 1
  2653   -    2924322    2925632    1311 native AGGAAG 4 1
  2654   -    2925629    2926903    1275 native AGGAAA 4 1
  2655   -    2926960    2928120    1161 native AGGAGA 6 1
  2656   -    2928484    2929455     972 native AGGAAG 6 1
  2657   -    2929467    2930393     927 native GGGAGA 5 1
  2658   -    2930517    2931383     867 native AGGCGA 8 1
  2659   +    2931530    2932948    1419 native AGGAGT 7 1
  2660   +    2932960    2933604     645 native AGGGGA 6 1
  2661   +    2933792    2934871    1080 native TTGAGA 5 1
  2662   +    2934890    2936014    1125 native AGGTTT 5 1
  2663   +    2936272    2939421    3150 native AGGAAG 5 1
  2664   +    2939425    2940249     825 native TGGATA 14 1
  2665   -    2940297    2941268     972 atypical TGGAGC 5 1
  2666   +    2941389    2942438    1050 native AGGATT 7 1
  2667   +    2942595    2943236     642 native AGGAGA 7 1
  2668   +    2943208    2944422    1215 native AAGAGG 6 1
  2669   +    2944654    2945457     804 native AGGATT 6 1
  2670   +    2945468    2946760    1293 native AAGCCA 6 1
  2671   +    2946760    2947314     555 native GGGAGT 6 1
  2672   +    2947402    2947896     495 atypical CAGAGG 6 1
  2673   +    2947924    2949447    1524 native AGGTTA 7 1
  2674   +    2949460    2950674    1215 native AGGGGA 7 1
  2675   +    2950792    2951709     918 native AGGTGT 4 1
  2676   +    2951713    2952675     963 native CGGTAT 11 1
  2677   +    2952672    2954735    2064 native AGGATA 4 1
  2678   -    2954658    2955317     660 native ATAATT 5 1
  2679   +    2955408    2956142     735 native TGGAAT 6 1
  2680   +    2956370    2958013    1644 native GGGAAG 7 1
  2681   +    2958107    2959141    1035 native TGGGCA 4 1
  2682   +    2959166    2959684     519 native TCGAGG 5 1
  2683   +    2959753    2960247     495 native AGGACA 5 1
  2684   +    2960287    2960613     327 native TGGAGC 6 1
  2685   -    2960693    2963044    2352 native TAGAGA 9 1
  2686   +    2963423    2963722     300 atypical AGGCAC 5 1
  2687   +    2964002    2965654    1653 native AGGATT 6 1
  2688   -    2965828    2966586     759 native GGGAAA 5 1
  2689   -    2967114    2967851     738 atypical TCGACG 6 1
  2690   -    2967876    2969465    1590 native AGGTAT 5 1
  2691   +    2969694    2970692     999 native TAGATC 5 1
  2692   +    2970665    2971339     675 native AGGCAA 7 1
  2693   +    2971369    2971791     423 native TCGAGC 6 1
  2694   -    2971877    2973247    1371 native CGGACA 8 1
  2695   +    2973356    2973976     621 native CCGATT 7 1
  2696   +    2973990    2975405    1416 native CGGAGC 5 1
  2697   +    2975484    2976131     648 native ATGAGT 11 1
  2698   -    2976147    2976896     750 native TGGTAA 4 1
  2699   -    2976901    2977620     720 native AGCTGA 7 1
  2700   -    2977771    2978817    1047 native AGGATC 8 1
  2701   +    2978949    2980790    1842 native AGAAAG 6 1
  2702   +    2980771    2981544     774 native AGGAGG 6 1
  2703   +    2981620    2982036     417 native AGGTAA 5 1
  2704   +    2982033    2982656     624 native TGGAGA 7 1
  2705   -    2982669    2982854     186 native AGGATC 5 1
  2706   +    2983022    2983909     888 native AGGACT 4 1
  2707   +    2984011    2984475     465 native AGGAAT 2 1
  2708   +    2984717    2985313     597 native AGGATG 4 1
  2709   +    2985412    2987052    1641 native AGGAAA 7 1
  2710   -    2987098    2989488    2391 native AAGAAT 10 1
  2711   +    2989627    2989896     270 native AGGAGT 4 1
  2712   +    2990176    2992200    2025 native TGGGTT 11 1
  2713   +    2992225    2992551     327 native AGGAGA 5 1
  2714   +    2992574    2993116     543 native ACGCGT 5 1
  2715   +    2993113    2994285    1173 native TGGAGG 6 1
  2716   +    2994278    2994562     285 native TGGAAA 9 1
  2717   +    2994559    2994999     441 native TTGATA 4 1
  2718   +    2995001    2995369     369 native TGGAAA 7 1
  2719   +    2995706    2996374     669 native AGGTTG 5 1
  2720   +    2996408    2998618    2211 native TGGTGC 5 1
  2721   +    2998851    2999693     843 native CAGAGG 5 1
  2722   +    2999698    3000879    1182 native AGGCTA 5 1
  2723   +    3001001    3001720     720 native AGGGCG 6 1
  2724   +    3001717    3002328     612 native TGGAAG 8 1
  2725   +    3002298    3002780     483 native AGGGGA 4 1
  2726   +    3002798    3003298     501 native CGGAGA 7 1
  2727   +    3003303    3005234    1932 native TGGTAA 4 1
  2728   +    3005231    3008038    2808 native AGGAGG 6 1
  2729   +    3008019    3008987     969 native AGGTAG 6 1
  2730   +    3008990    3009310     321 native AGGAGT 4 1
  2731   +    3009465    3010124     660 native TGGAGA 4 1
  2732   +    3010139    3010654     516 native AGGTTT 8 1
  2733   +    3010651    3011151     501 native AGGTGA 4 1
  2734   +    3011151    3012110     960 native AGGGGG 6 1
  2735   -    3012173    3012652     480 native AGGATG 4 1
  2736   +    3013110    3014789    1680 native AGGAGG 4 1
  2737   +    3014913    3018824    3912 native AAGAGT 4 1
  2738   +    3018932    3019297     366 native AGGAAT 5 1
  2739   +    3019300    3020172     873 native AGCAGT 4 1
  2740   +    3020153    3020932     780 native AGGGAA 11 1
  2741   +    3020986    3021720     735 native TGGTGA 7 1
  2742   -    3021793    3023109    1317 native CTGAGC 5 1
  2743   -    3023300    3023476     177 native AGGAGA 6 1
  2744   -    3023611    3024384     774 native TAGACC 7 1
  2745   +    3024616    3025590     975 native CGGAGG 4 1
  2746   -    3025643    3026368     726 native CGGTTT 5 1
  2747   +    3026570    3027187     618 native TGGGGT 4 1
  2748   -    3027249    3028535    1287 native TGGCAT 3 1
  2749   +    3028860    3029660     801 native AGGAGT 8 1
  2750   +    3029878    3030771     894 native TGGGTT 4 1
  2751   +    3030798    3031865    1068 native AGGAAT 4 1
  2752   +    3031917    3033563    1647 native TGGCGA 6 1
  2753   +    3033701    3034396     696 native CGAAGA 5 1
  2754   +    3034377    3035246     870 native AAGTGG 4 1
  2755   -    3035206    3036027     822 native CAGATA 9 1
  2756   +    3036116    3038485    2370 native AGGAGA 6 1
  2757   +    3038486    3039424     939 native AGCAGG 5 1
  2758   +    3039417    3040061     645 native TGGCTC 7 1
  2759   +    3040072    3040563     492 native AGGACT 5 1
  2760   -    3040624    3041859    1236 native AGGGTT 6 1
  2761   +    3042051    3042722     672 native TGGAGA 10 1
  2762   +    3042719    3043609     891 native AGGAGG 7 1
  2763   +    3043687    3044814    1128 native TGGAGA 7 1
  2764   +    3044901    3047507    2607 native GAGAGA 5 1
  2765   +    3047932    3048363     432 native AGGATC 6 1
  2766   +    3048405    3049151     747 native CTGATT 6 1
  2767   +    3049484    3050662    1179 native AGGCAA 7 1
  2768   -    3050870    3053995    3126 native AAGAGC 12 1
  2769   +    3054448    3055425     978 native TGGCGT 8 1
  2770   +    3055422    3056087     666 native AGGGTG 7 1
  2771   +    3056080    3057054     975 native TGGATA 7 1
  2772   +    3057085    3057621     537 native GAGAGA 11 1
  2773   +    3057646    3057831     186 native AGGAGC 8 1
  2774   +    3057833    3058852    1020 native TGGCAA 8 1
  2775   +    3059026    3059964     939 native AGGCGT 4 1
  2776   +    3059966    3060706     741 native AGGAGC 5 1
  2777   +    3060753    3060986     234 native AGGAAA 5 1
  2778   +    3061152    3061994     843 native TGGTGT 5 1
  2779   +    3061991    3063091    1101 native TGGAGT 7 1
  2780   +    3063129    3063776     648 native TGAAAT 6 1
  2781   +    3063773    3064807    1035 native AGGAAT 4 1
  2782   +    3064804    3065148     345 native GGGAGT 5 1
  2783   -    3065162    3065836     675 native TGGAAA 9 1
  2784   -    3065867    3066346     480 native AGGAAG 4 1
  2785   -    3066343    3067677    1335 native AGGATT 7 1
  2786   -    3067689    3069023    1335 native AGGACA 8 1
  2787   -    3069020    3071455    2436 native TAGAGG 5 1
  2788   +    3071828    3072766     939 native CAGAGG 5 1
  2789   -    3072831    3073997    1167 native AGGAGA 7 1
  2790   +    3074154    3077108    2955 native CAGAGA 4 1
  2791   +    3077198    3078055     858 native AGGCAT 3 1
  2792   +    3078048    3079463    1416 native AGGAGG 6 1
  2793   +    3079453    3079995     543 native ACGAGA 6 1
  2794   +    3079988    3080395     408 native AGGAGC 7 1
  2795   +    3080395    3081024     630 native AGAAGC 6 1
  2796   +    3081027    3082271    1245 native AGCAAA 5 1
  2797   +    3082436    3084622    2187 native TGGATG 4 1
  2798   -    3084725    3085537     813 native AGGATC 5 1
  2799   +    3085747    3086046     300 native ACGAGA 6 1
  2800   +    3086033    3086389     357 native AGGACT 5 1
  2801   +    3086413    3088023    1611 native TGGTAT 11 1
  2802   +    3088678    3089055     378 native AGGGAT 4 1
  2803   +    3089202    3089450     249 native AGGTCA 5 1
  2804   -    3089522    3091003    1482 native CGGTCC 5 1
  2805   +    3091213    3091959     747 native AGGAGT 5 1
  2806   -    3092182    3093423    1242 native CGGGTT 5 1
  2807   -    3093534    3093809     276 native CGGAAA 5 1
  2808   +    3093895    3094833     939 native AGAAGT 6 1
  2809   -    3094911    3095714     804 native GCGAGT 6 1
  2810   -    3095719    3096132     414 native ACGACC 12 1
  2811   -    3096116    3098713    2598 native AGGCGT 5 1
  2812   -    3098767    3099786    1020 native AGGAAC 6 1
  2813   -    3099783    3101129    1347 native AGGATC 6 1
  2814   -    3101323    3101568     246 native GGGTTT 12 1
  2815   +    3101774    3104545    2772 native AGGAGG 6 1
  2816   -    3104978    3105844     867 atypical GCGACT 11 1
  2817   -    3105884    3106387     504 atypical CGGTAA 6 1
  2818   -    3106394    3107017     624 atypical ATGATA 6 1
  2819   +    3107037    3107279     243 atypical TCGAGA 2 1
  2820   +    3107977    3108465     489 native AGGGTA 5 1
  2821   +    3108462    3109841    1380 native AGGAGC 7 1
  2822   +    3109834    3111504    1671 atypical TGGAGA 11 1
  2823   +    3111508    3114618    3111 native CGGAGA 10 1
  2824   +    3114683    3115027     345 atypical AGGAAA 7 1
  2825   +    3115278    3116537    1260 atypical CAGTGA 4 1
  2826   -    3116706    3117164     459 atypical AGGATA 5 1
  2827   -    3117247    3118584    1338 atypical AGGACA 4 1
  2828   -    3118606    3120012    1407 atypical TGGAAC 3 1
  2829   -    3120002    3120688     687 native AGGAGC 3 1
  2830   +    3120838    3121128     291 native GAGAGT 5 1
  2831   +    3121317    3122633    1317 native AGGAGA 8 1
  2832   +    3122639    3123613     975 atypical ATGAGA 3 1
  2833   +    3123657    3123983     327 atypical AGGATT 6 1
  2834   +    3124069    3124617     549 atypical AAGAGA 5 1
  2835   +    3125834    3126199     366 atypical AGGTAC 6 1
  2836   +    3126306    3126737     432 native GAGAGC 6 1
  2837   +    3126730    3129039    2310 native AGGATT 5 1
  2838   +    3129051    3129416     366 atypical AGGGTA 6 1
  2839   +    3129413    3129766     354 native AGGGGG 6 1
  2840   +    3129756    3130022     267 atypical AGGATT 6 1
  2841   +    3130019    3130228     210 atypical AGGAGC 5 1
  2842   +    3130188    3133208    3021 atypical TGGGTC 5 1
  2843   +    3133595    3134218     624 atypical CGGTTT 7 1
  2844   +    3134234    3134605     372 atypical AGGAAA 6 1
  2845   +    3134630    3136318    1689 native AGGACG 5 1
  2846   +    3136405    3136989     585 atypical AGGTGA 4 1
  2847   +    3137124    3137492     369 atypical ACGACG 5 1
  2848   -    3137830    3138702     873 native AGGACG 4 1
  2849   -    3138717    3140387    1671 native TGGAGG 6 1
  2850   +    3140540    3142123    1584 native AGGGAA 4 1
  2851   +    3142120    3143115     996 native TGGTTG 11 1
  2852   +    3143112    3144914    1803 native ATGCCA 5 1
  2853   +    3145201    3145785     585 native CAGAGC 6 1
  2854   +    3145782    3147128    1347 native TGGACG 5 1
  2855   +    3147125    3147718     594 native AGGCGT 6 1
  2856   +    3147705    3148763    1059 native ACGAGG 6 1
  2857   +    3148946    3151684    2739 native AAGTGT 4 1
  2858   -    3151778    3153139    1362 native TCGAGG 6 1
  2859   -    3153217    3153744     528 native AGGGGC 6 1
  2860   -    3153741    3154925    1185 native TAGAGT 6 1
  2861   -    3154930    3156000    1071 native AGGCAG 7 1
  2862   -    3156000    3156755     756 native TGGGCA 9 1
  2863   -    3156757    3157125     369 native AGGTGG 6 1
  2864   -    3157115    3157708     594 native AGGAAA 4 1
  2865   -    3157708    3158139     432 native AGGAGA 6 1
  2866   -    3158150    3159361    1212 native TGGCGA 11 1
  2867   -    3159365    3160909    1545 native AGGAAA 3 1
  2868   -    3160906    3162252    1347 native AGGAAT 5 1
  2869   -    3162371    3163300     930 native AGGATT 5 1
  2870   -    3163315    3164064     750 native ACGAGG 5 1
  2871   +    3164447    3166087    1641 native AGGAGA 6 1
  2872   -    3166241    3167110     870 native TGGAAA 4 1
  2873   -    3167284    3167823     540 native AGGATC 14 1
  2874   -    3167805    3168533     729 atypical AGCAGA 4 1
  2875   -    3169258    3169806     549 native AGGAGA 10 1
  2876   -    3169821    3171581    1761 native AGGCGT 7 1
  2877   -    3171644    3172291     648 native AGGTAG 4 1
  2878   -    3172353    3175067    2715 native TGGAAT 7 1
  2879   +    3175144    3176076     933 native AAGAGT 4 1
  2880   +    3176657    3177046     390 native AGGCAC 4 1
  2881   +    3177063    3177410     348 native AGAAGC 8 1
  2882   +    3177410    3177688     279 native TGGTGC 4 1
  2883   +    3177685    3177996     312 native AGGTTG 10 1
  2884   +    3177993    3178958     966 native CGGAGA 7 1
  2885   -    3179026    3180516    1491 native AGAACG 7 1
  2886   -    3180743    3182113    1371 native AGGGCG 8 1
  2887   -    3182156    3183445    1290 native CAGAAG 4 1
  2888   -    3183465    3183839     375 native AGGAAG 4 1
  2889   -    3183836    3185155    1320 native TCGACG 6 1
  2890   -    3185145    3185792     648 native AGGATT 11 1
  2891   -    3185828    3188476    2649 native AGGAAG 5 1
  2892   +    3188530    3189240     711 native ACGGGT 5 1
  2893   +    3189259    3189960     702 native AAGACA 8 1
  2894   +    3190034    3190252     219 atypical AGGTGT 3 1
  2895   -    3190312    3192570    2259 native TGGAGG 4 1
  2896   -    3192585    3192944     360 native TCGAAA 5 1
  2897   +    3193171    3193440     270 atypical GGGAGG 5 1
  2898   -    3193510    3195738    2229 native AGGAGA 4 1
  2899   +    3195965    3196654     690 native TACAGA 3 1
  2900   +    3196712    3197161     450 native GGGACT 4 1
  2901   +    3197164    3198267    1104 native AGCATC 7 1
  2902   +    3198260    3198895     636 native AGGAAA 5 1
  2903   +    3199088    3200131    1044 native AGCTTA 8 1
  2904   -    3200183    3200506     324 native TGGAGA 5 1
  2905   +    3200628    3201578     951 native AGGATC 4 1
  2906   +    3201575    3202012     438 native GCGAGC 4 1
  2907   +    3202023    3202877     855 native AGGCTT 12 1
  2908   -    3202948    3204339    1392 native CGGAGT 7 1
  2909   -    3204412    3204645     234 native AGGAAA 7 1
  2910   -    3204658    3205734    1077 native TAGAGG 5 1
  2911   +    3205952    3206284     333 native TGGAGA 6 1
  2912   -    3206320    3207243     924 native CGGACG 3 1
  2913   -    3207294    3208235     942 native TGGATG 9 1
  2914   +    3208362    3208736     375 native AGAAGT 9 1
  2915   +    3208736    3209806    1071 native AGGTGA 9 1
  2916   -    3209840    3210199     360 native TGGTGT 12 1
  2917   +    3210479    3211003     525 native TGGTGC 6 1
  2918   +    3211089    3212426    1338 native ATGTGA 5 1
  2919   +    3212585    3213202     618 native AGCATC 9 1
  2920   -    3213220    3213927     708 native AGGTGC 6 1
  2921   -    3213924    3214793     870 native TGAAAT 6 1
  2922   -    3214790    3215575     786 native TCGAAC 5 1
  2923   -    3215710    3216174     465 native CGGATT 5 1
  2924   -    3216178    3216453     276 native ACGAGT 5 1
  2925   -    3216466    3217491    1026 native AGGGGG 4 1
  2926   -    3217554    3218048     495 native CCGAGG 6 1
  2927   -    3218045    3219217    1173 native GGGAGA 5 1
  2928   +    3219397    3219699     303 native AGGAGC 6 1
  2929   -    3219838    3220428     591 native AGGGGT 5 1
  2930   +    3220577    3224296    3720 native TTGAAC 7 1
  2931   +    3224296    3225675    1380 native ACGATA 4 1
  2932   +    3225698    3226477     780 native TTGAGC 7 1
  2933   +    3226602    3228278    1677 native TGGCAA 9 1
  2934   +    3228262    3228711     450 native AGGAGG 6 1
  2935   +    3228838    3229998    1161 native AGGGAG 4 1
  2936   -    3230105    3231097     993 native AGGATT 4 1
  2937   -    3231111    3232175    1065 native AGGGTT 5 1
  2938   +    3232474    3232788     315 native AGGAAA 5 1
  2939   -    3232858    3233499     642 native ACGAGA 5 1
  2940   -    3233486    3235126    1641 native AAGAAG 4 1
  2941   +    3235381    3236892    1512 native AGGATA 5 1
  2942   -    3236911    3237615     705 native AGGAGT 6 1
  2943   -    3237612    3238046     435 native AGGAGG 5 1
  2944   -    3238036    3238830     795 native AGGTGA 10 1
  2945   +    3238903    3240453    1551 native TTGTAA 4 1
  2946   +    3240804    3242078    1275 atypical ATGCGT 8 1
  2947   +    3242196    3243005     810 native AGGACG 7 1
  2948   -    3243091    3244914    1824 native GGGAGG 4 1
  2949   -    3245087    3245359     273 native AGGGGA 5 1
  2950   -    3245475    3247865    2391 native AGGTGC 5 1
  2951   -    3248013    3249299    1287 native ACGAGG 7 1
  2952   -    3249396    3250019     624 native CAGAGT 4 1
  2953   -    3250133    3251446    1314 native GAGAGG 5 1
  2954   +    3252119    3252976     858 native AGGTTA 9 1
  2955   -    3253000    3254112    1113 native AGGTTT 4 1
  2956   +    3254327    3255178     852 native TGGGAT 4 1
  2957   -    3255289    3255942     654 native AGGAGC 5 1
  2958   -    3256119    3256727     609 atypical TGGAGG 9 1
  2959   -    3256826    3257446     621 native TGGAGC 5 1
  2960   -    3257902    3258024     123 native AGGAGT 7 1
  2961   -    3258038    3259102    1065 atypical AGGATC 6 1
  2962   +    3259250    3259486     237 native AAGTGA 3 1
  2963   -    3260297    3260833     537 atypical AGGAGG 12 1
  2964   -    3260781    3261146     366 atypical AGGATA 6 1
  2965   +    3261285    3262292    1008 native AGGAGG 5 1
  2966   -    3262508    3263032     525 atypical AGGATA 7 1
  2967   -    3263045    3263434     390 native AGGTGT 3 1
  2968   -    3263507    3264556    1050 atypical AGGAGG 9 1
  2969   -    3264556    3265818    1263 atypical AGGAAG 7 1
  2970   -    3265963    3266187     225 atypical AGGTGT 3 1
  2971   -    3266189    3266734     546 atypical ATAAGC 4 1
  2972   -    3267163    3268533    1371 native AGGAAC 3 1
  2973   -    3268542    3270224    1683 native TGGATG 3 1
  2974   +    3270397    3270891     495 native CTGAGG 6 1
  2975   +    3270891    3271616     726 native AGAAAT 9 1
  2976   -    3271693    3272700    1008 native CGGTAA 7 1
  2977   -    3272708    3273211     504 native TGGCGA 12 1
  2978   -    3273208    3273435     228 native AGGATG 4 1
  2979   -    3273477    3274481    1005 native GCGAGC 4 1
  2980   -    3274481    3276223    1743 native CTGAGT 5 1
  2981   -    3276227    3276649     423 native GGGAGT 7 1
  2982   -    3276646    3277290     645 native AGGAGT 8 1
  2983   -    3277391    3279742    2352 native TGGAGT 4 1
  2984   +    3279800    3280348     549 atypical CGGCGA 5 1
  2985   -    3280431    3281117     687 native CGGAGG 9 1
  2986   -    3281110    3282360    1251 native TAGTCT 5 1
  2987   +    3282619    3283233     615 native AGGGGA 7 1
  2988   +    3283419    3284684    1266 native AAGAGT 10 1
  2989   -    3284750    3286843    2094 native AGGCCT 6 1
  2990   -    3286833    3287507     675 native GGGCGC 7 1
  2991   -    3287510    3288964    1455 native CGGATA 4 1
  2992   -    3289064    3290092    1029 native TGGATT 7 1
  2993   -    3290082    3293006    2925 native AAGAAT 3 1
  2994   -    3293153    3295330    2178 native AGGCGA 4 1
  2995   +    3295599    3295811     213 native TGGAGA 6 1
  2996   -    3295902    3298850    2949 native AGGAAA 5 1
  2997   +    3299031    3299867     837 native AGGGGG 4 1
  2998   -    3299956    3300519     564 native AGGTAA 6 1
  2999   +    3300775    3302142    1368 native TCGAGA 6 1
  3000   +    3302239    3303426    1188 native TTGAGT 7 1
  3001   +    3303407    3304318     912 native AGGAGT 5 1
  3002   -    3304315    3304758     444 native AGGAGT 5 1
  3003   -    3304870    3305634     765 native AGGTTT 7 1
  3004   -    3305640    3306647    1008 native AGGAAT 7 1
  3005   -    3306644    3307204     561 native TGGAAT 7 1
  3006   -    3307696    3309210    1515 native TAGAGA 6 1
  3007   -    3309322    3310449    1128 native CGGGAA 4 1
  3008   -    3310638    3311261     624 native AGGAAT 5 1
  3009   -    3311337    3313130    1794 native AGGAGC 8 1
  3010   -    3313382    3314473    1092 native AGGTCA 4 1
  3011   -    3314917    3315633     717 native AGGTTA 11 1
  3012   -    3315762    3316073     312 native CGGTGA 4 1
  3013   -    3316129    3317100     972 atypical TCGAGT 4 1
  3014   -    3317449    3318291     843 native AAGTGA 6 1
  3015   +    3318403    3318606     204 native CGGAGT 6 1
  3016   -    3318653    3318850     198 native AAGTAA 6 1
  3017   +    3318954    3319364     411 native CGGTCA 5 1
  3018   +    3319496    3319789     294 native AGGAGG 5 1
  3019   +    3320029    3320646     618 native TCGTGT 10 1
  3020   -    3320643    3322946    2304 atypical GCGAGA 5 1
  3021   -    3323054    3324643    1590 atypical AGGTGT 4 1
  3022   -    3325199    3325774     576 atypical AAGATA 4 1
  3023   -    3325819    3326508     690 atypical AAGAGG 5 1
  3024   -    3326649    3327629     981 atypical AGGTGG 7 1
  3025   -    3327626    3329362    1737 atypical AGGGGG 4 1
  3026   -    3329884    3331188    1305 atypical TGGTGA 4 1
  3027   -    3331185    3331832     648 atypical TCGTGC 5 1
  3028   -    3332002    3332697     696 atypical TGGTGT 7 1
  3029   -    3332744    3333361     618 native TCGTGT 10 1
  3030   -    3333601    3333894     294 native AGGAGG 5 1
  3031   +    3334152    3334676     525 atypical AGGAGA 11 1
  3032   -    3334988    3335569     582 native AGGTCA 4 1
  3033   +    3335745    3337133    1389 native AGGATG 5 1
  3034   -    3337165    3338001     837 native AGGAGA 7 1
  3035   -    3338016    3338792     777 native GGGAGA 6 1
  3036   -    3338789    3339709     921 native AGGTTA 5 1
  3037   +    3339734    3340111     378 native ATGAGA 6 1
  3038   +    3340986    3341735     750 native AGGAAT 8 1
  3039   -    3341726    3342196     471 native TGGCAC 7 1
  3040   -    3342196    3342681     486 native GGGAGT 8 1
  3041   -    3342806    3343210     405 native GGGAAC 4 1
  3042   +    3343294    3344511    1218 native AGGCAG 10 1
  3043   +    3344528    3344920     393 native TGCAGA 5 1
  3044   -    3344929    3346071    1143 native TAGAGT 8 1
  3045   -    3346153    3348282    2130 native AGGATA 5 1
  3046   +    3348783    3351578    2796 native AGGGTC 4 1
  3047   -    3351781    3353817    2037 atypical TGGTAT 7 1
  3048   +    3354352    3355530    1179 atypical CGGACA 4 1
  3049   +    3355686    3358403    2718 atypical AGGTAC 5 1
  3050   +    3358586    3359422     837 native TGGAAC 4 1
  3051   -    3359480    3360337     858 native AGGTAT 4 1
  3052   +    3360491    3360898     408 native CAGTGC 7 1
  3053   +    3360968    3362887    1920 native AGGAAC 4 1
  3054   +    3363100    3363981     882 native AGGATC 4 1
  3055   -    3364051    3364695     645 native AGGAAT 7 1
  3056   -    3364897    3366432    1536 native AGGGAT 4 1
  3057   -    3366704    3368482    1779 native AGGACC 5 1
  3058   +    3368834    3369652     819 native AGGAAT 6 1
  3059   +    3369780    3370169     390 native AGGAAT 5 1
  3060   -    3370234    3371022     789 native AGGCTT 4 1
  3061   -    3371038    3371496     459 native TGGAGA 6 1
  3062   +    3371577    3372737    1161 native AGGTCA 7 1
  3063   +    3372813    3373025     213 native AGGTGA 5 1
  3064   -    3373047    3374132    1086 native TGGATG 9 1
  3065   +    3374375    3375844    1470 native TGGACC 4 1
  3066   -    3375866    3376702     837 native AGGCCG 6 1
  3067   -    3376745    3377233     489 native AGGACT 4 1
  3068   +    3377376    3381350    3975 atypical CTGTTA 5 1
  3069   +    3381343    3382239     897 native AAGAAC 10 1
  3070   +    3382362    3383744    1383 native AGGCGC 6 1
  3071   -    3383822    3384712     891 native CGGATG 5 1
  3072   -    3384772    3387189    2418 native GGGAGA 6 1
  3073   -    3387186    3389030    1845 native AGGGGA 4 1
  3074   -    3389128    3390168    1041 native AGGAAT 8 1
  3075   +    3390320    3392038    1719 native AGGCCC 5 1
  3076   -    3392035    3392742     708 native AGGTAC 6 1
  3077   -    3392756    3393154     399 native AGGGGG 4 1
  3078   -    3393237    3394112     876 native AGGGGA 6 1
  3079   -    3394306    3395265     960 native AGGGTA 8 1
  3080   +    3395479    3395760     282 native AGGAAA 8 1
  3081   -    3395974    3396654     681 native AGCAAC 7 1
  3082   +    3396953    3398389    1437 native TGGAAT 6 1
  3083   +    3398402    3399007     606 native AGGAGT 7 1
  3084   +    3399012    3399188     177 atypical CGGTAA 4 1
  3085   +    3399192    3400103     912 native CGGAGT 9 1
  3086   +    3400327    3401739    1413 native GGGTGA 9 1
  3087   +    3401894    3402394     501 native AAGAGA 5 1
  3088   +    3402391    3404844    2454 native CGGCAA 3 1
  3089   +    3404847    3405059     213 native ACGAGG 7 1
  3090   +    3405056    3405727     672 native AAGACC 10 1
  3091   +    3405792    3406565     774 native GGGAAT 6 1
  3092   +    3406871    3407368     498 native AGGAGC 6 1
  3093   +    3407490    3408341     852 native TGGGGT 6 1
  3094   -    3408397    3408912     516 native AGGATG 5 1
  3095   -    3408993    3409544     552 native AGGAAG 3 1
  3096   +    3409593    3409928     336 native CCGCAT 4 1
  3097   +    3409973    3410629     657 native AAGCTT 6 1
  3098   +    3410638    3411699    1062 native AGGTCT 3 1
  3099   -    3411704    3412408     705 native AACAGG 3 1
  3100   +    3412445    3413023     579 native TGGAGT 5 1
  3101   -    3413111    3414550    1440 native AGGTAG 6 1
  3102   -    3414701    3415339     639 native TGCAGG 5 1
  3103   -    3415356    3415667     312 native AGGAGG 7 1
  3104   +    3415824    3416483     660 native CGGATA 6 1
  3105   -    3416555    3416746     192 native TGGAGA 6 1
  3106   +    3416916    3417818     903 native TGGAAA 8 1
  3107   -    3417775    3418218     444 native AGGAAT 5 1
  3108   -    3418334    3419197     864 native AGGGGC 5 1
  3109   +    3419369    3419707     339 native AGGAGG 4 1
  3110   +    3419704    3421392    1689 native TGGAGA 9 1
  3111   +    3421436    3421921     486 native AGGAGC 7 1
  3112   +    3421944    3422513     570 native AGGACG 5 1
  3113   -    3422601    3423596     996 native AGGAGC 9 1
  3114   +    3423715    3424521     807 native TGCAGT 3 1
  3115   +    3424592    3425143     552 native CGGTAA 4 1
  3116   +    3425170    3426567    1398 native GGGAGA 3 1
  3117   +    3426720    3427463     744 native AGGAAT 4 1
  3118   -    3427544    3428119     576 native AGGAGT 5 1
  3119   +    3428393    3430180    1788 native GGGATA 8 1
  3120   -    3430252    3432054    1803 native AAGAGA 8 1
  3121   -    3432256    3433986    1731 native AGGAGC 7 1
  3122   +    3434127    3435164    1038 native TGGAGT 13 1
  3123   +    3435310    3436413    1104 native AAGAGA 4 1
  3124   +    3436450    3436614     165 native AGGGTT 6 1
  3125   +    3436809    3438752    1944 native AGGTTT 9 1
  3126   +    3438793    3439257     465 native CAGAAA 5 1
  3127   -    3439328    3440647    1320 native GGGCGA 6 1
  3128   -    3440644    3441018     375 native ATGTGA 6 1
  3129   +    3441187    3441735     549 native CGGCAA 6 1
  3130   +    3441745    3443106    1362 native CTGAGA 7 1
  3131   -    3443171    3444013     843 native AGGTTG 6 1
  3132   -    3444047    3444520     474 native TGGAGT 7 1
  3133   +    3444735    3447956    3222 native AGGAGC 6 1
  3134   -    3447986    3448735     750 native AGGATA 11 1
  3135   -    3448770    3449300     531 native CGGCAT 8 1
  3136   -    3449297    3450301    1005 native GGGAGC 9 1
  3137   -    3450301    3450789     489 native TGGAGG 6 1
  3138   -    3450768    3451106     339 native AGGTGT 8 1
  3139   +    3451318    3452655    1338 native AGGATT 6 1
  3140   -    3452716    3453219     504 atypical TGGAAA 4 1
  3141   +    3453497    3454123     627 native TGGACA 5 1
  3142   -    3454195    3454632     438 native AGGCTG 4 1
  3143   -    3454709    3455545     837 native AGCTGG 5 1
  3144   -    3455635    3457038    1404 native CGGATA 12 1
  3145   -    3457035    3462386    5352 native TGGAAA 5 1
  3146   -    3462383    3463768    1386 native TAGAGT 6 1
  3147   -    3463768    3467022    3255 native TGGGAC 4 1
  3148   -    3467043    3470435    3393 native AGGTGA 4 1
  3149   -    3470432    3474094    3663 native GGGCGA 6 1
  3150   -    3474091    3474498     408 native TGGAGG 5 1
  3151   -    3474500    3474793     294 native AAGAAG 5 1
  3152   -    3474862    3476589    1728 native GGGAGC 7 1
  3153   -    3476589    3477272     684 native CGGTAG 4 1
  3154   -    3477277    3477444     168 native GTGAGA 5 1
  3155   -    3477456    3477899     444 native GGGAAA 4 1
  3156   -    3477958    3478392     435 native AGGAAT 4 1
  3157   -    3478429    3479916    1488 native AGGAAA 4 1
  3158   -    3479964    3480695     732 native AGGGTT 9 1
  3159   -    3480692    3481255     564 native TGGAGA 5 1
  3160   +    3481443    3481742     300 native ACGAGA 6 1
  3161   +    3481729    3482085     357 native AGGACT 5 1
  3162   +    3482109    3483740    1632 native TGGTAT 11 1
  3163   -    3483791    3484090     300 native GCGAGA 6 1
  3164   -    3484706    3485116     411 atypical AGGAGT 5 1
  3165   -    3485316    3487106    1791 atypical TGGACT 4 1
  3166   -    3487103    3487582     480 atypical AGGAAA 6 1
  3167   -    3487582    3488760    1179 atypical AGGAAG 6 1
  3168   -    3488915    3489703     789 atypical CGGAGA 5 1
  3169   -    3490335    3490637     303 native AGGGGT 6 1
  3170   -    3490747    3491415     669 native AGGATG 9 1
  3171   -    3491449    3491808     360 native AGGACA 4 1
  3172   -    3491829    3492503     675 native AGGAGC 2 1
  3173   +    3492786    3493574     789 native CGGAGG 8 1
  3174   -    3493642    3494781    1140 native CAGAGA 5 1
  3175   -    3495049    3496272    1224 native AGGAGT 5 1
  3176   -    3496283    3496897     615 native AGGAGG 6 1
  3177   -    3496897    3497559     663 native AGGGGG 6 1
  3178   -    3497561    3498358     798 native AGGATT 4 1
  3179   -    3498348    3499559    1212 native CGGAGG 7 1
  3180   -    3499562    3500896    1335 native AGGCGA 5 1
  3181   -    3501240    3502688    1449 native AGGTGA 4 1
  3182   +    3502855    3506307    3453 native CGGAGC 4 1
  3183   +    3506304    3507086     783 native AGGACC 7 1
  3184   -    3507113    3507517     405 native AGGACG 5 1
  3185   -    3507593    3508369     777 native AGGCCT 4 1
  3186   -    3508755    3509537     783 native TAGAGA 6 1
  3187   -    3509584    3510624    1041 native AGGACT 5 1
  3188   -    3510609    3511127     519 native TGGAGC 4 1
  3189   -    3511159    3511809     651 native TGGATG 8 1
  3190   +    3512012    3512611     600 native TGGACA 7 1
  3191   +    3512651    3513109     459 native AGGGGA 5 1
  3192   -    3513210    3513461     252 native GAGAGG 5 1
  3193   -    3513558    3514046     489 native AGGACG 5 1
  3194   -    3514057    3514632     576 native TGGGGA 5 1
  3195   -    3514747    3516651    1905 native AGGAGA 5 1
  3196   -    3516779    3518287    1509 native AGAAGA 6 1
  3197   -    3518284    3519099     816 native AGGAGT 8 1
  3198   -    3519092    3519352     261 atypical CGGAGG 7 1
  3199   -    3519337    3520515    1179 native AGGTGT 4 1
  3200   -    3520512    3522410    1899 native AGGAAT 5 1
  3201   -    3522731    3523180     450 native GGGGGA 6 1
  3202   -    3523177    3523692     516 native CGGAGT 4 1
  3203   +    3523975    3524790     816 native ATGAGT 8 1
  3204   +    3524936    3525310     375 native TTGAAT 7 1
  3205   +    3525312    3525926     615 native CTGAGG 6 1
  3206   +    3525930    3526898     969 native TGGACT 5 1
  3207   +    3526975    3527988    1014 native TTGTGC 3 1
  3208   +    3528100    3530784    2685 native CCGAGA 9 1
  3209   -    3530795    3531643     849 native AGGAGT 9 1
  3210   +    3531838    3532794     957 native CGGACA 6 1
  3211   +    3532791    3533612     822 native GGGAGG 5 1
  3212   +    3533605    3534816    1212 native AGGAGA 6 1
  3213   +    3534946    3535806     861 native AAAAGG 4 1
  3214   +    3535979    3536905     927 native CGGAGA 5 1
  3215   -    3536987    3538732    1746 native AGGATG 4 1
  3216   -    3538742    3539350     609 native GGGAGT 8 1
  3217   -    3539357    3541180    1824 native AGGAGC 5 1
  3218   -    3541180    3541881     702 native AGGAGT 5 1
  3219   -    3541929    3543386    1458 native CGGAGG 6 1
  3220   +    3543793    3544626     834 native AGGATA 7 1
  3221   -    3545395    3546096     702 native AGGAAA 5 1
  3222   -    3546216    3546431     216 native TGGATT 8 1
  3223   +    3546609    3547436     828 native AGGACA 4 1
  3224   +    3547526    3548605    1080 native AGGATG 5 1
  3225   +    3548605    3549660    1056 native ACGTTT 10 1
  3226   -    3549708    3550460     753 native AGGAAT 6 1
  3227   -    3550603    3551313     711 native CGGAGA 5 1
  3228   -    3551358    3552128     771 native AGCTAA 4 1
  3229   -    3552125    3552745     621 native TGGATG 7 1
  3230   -    3552806    3553681     876 native GGGAGT 8 1
  3231   -    3553775    3554839    1065 native GGGAGC 6 1
  3232   -    3554842    3555084     243 native AGGTGG 5 1
  3233   +    3555270    3556667    1398 native AGGTTT 4 1
  3234   -    3556710    3557750    1041 native ACGAGA 5 1
  3235   -    3558296    3559111     816 native CAGAGC 5 1
  3236   -    3559111    3559674     564 native GGGAAA 6 1
  3237   -    3559708    3560988    1281 native CGGAGA 7 1
  3238   -    3560982    3561839     858 native AGGCGC 9 1
  3239   -    3561841    3562287     447 native CGGAGA 7 1
  3240   -    3562287    3562997     711 native AGGAGT 4 1
  3241   -    3562994    3563434     441 native CGGAAT 6 1
  3242   -    3563427    3564470    1044 native AGGTGG 3 1
  3243   -    3564467    3565078     612 native TTGTGT 7 1
  3244   -    3565169    3565687     519 native AGGCAG 4 1
  3245   -    3565711    3566100     390 native GGGAAG 5 1
  3246   -    3566204    3568789    2586 native AGGAGA 6 1
  3247   +    3569045    3569902     858 native AGGACA 4 1
  3248   +    3570032    3570928     897 native TGGATT 11 1
  3249   -    3570945    3571394     450 native AGGAGT 5 1
  3250   +    3571661    3573799    2139 native AGGAAT 12 1
  3251   -    3573888    3574478     591 native AGGACA 6 1
  3252   -    3574471    3575307     837 native TGGGCT 11 1
  3253   +    3575536    3576837    1302 native AGGCAA 5 1
  3254   +    3576850    3578061    1212 native AGGAGT 7 1
  3255   +    3578178    3580004    1827 native AAGAAC 3 1
  3256   -    3580045    3581088    1044 native CGGACA 5 1
  3257   +    3581351    3581845     495 native AGGATA 7 1
  3258   +    3581890    3582966    1077 native AGGATA 4 1
  3259   +    3582978    3583520     543 native GCGAGC 5 1
  3260   -    3583529    3584191     663 native AGGGAC 7 1
  3261   -    3584331    3584900     570 native AGGAAA 4 1
  3262   +    3585005    3585580     576 native AGGAGA 5 1
  3263   +    3585725    3586879    1155 native AGGAGG 6 1
  3264   +    3586872    3587546     675 native TGGAAT 8 1
  3265   +    3587543    3588760    1218 native AGGACA 7 1
  3266   +    3588763    3589959    1197 native GGGTAA 6 1
  3267   -    3589980    3590684     705 atypical AGGAAG 4 1
  3268   -    3590888    3591769     882 native AGGTAA 3 1
  3269   -    3591921    3592211     291 atypical AAGAGC 1 1
  3270   -    3592977    3593360     384 atypical TTGAGC 10 1
  3271   -    3593423    3593866     444 atypical CGGAAT 9 1
  3272   -    3593997    3594410     414 atypical CGGCGT 11 1
  3273   -    3594471    3595208     738 atypical CGGGGC 7 1
  3274   -    3595208    3595537     330 native AGGAAA 4 1
  3275   -    3596116    3596574     459 atypical AGGACG 3 1
  3276   -    3596677    3596904     228 atypical AGGTCT 5 1
  3277   -    3597333    3597875     543 atypical AGGAGA 3 1
  3278   -    3597939    3598355     417 native AGGAAG 2 1
  3279   -    3598433    3599239     807 native GGGATT 6 1
  3280   -    3599257    3599616     360 native AGGTGT 3 1
  3281   -    3600122    3601180    1059 atypical AGAAGA 2 1
  3282   -    3601927    3602286     360 native CGGGTA 7 1
  3283   -    3602264    3602569     306 native AGGGGT 4 1
  3284   -    3602571    3604946    2376 native AGGGTT 6 1
  3285   -    3604993    3605997    1005 native TGGAAA 6 1
  3286   -    3606120    3606473     354 native AGGAGA 6 1
  3287   -    3606497    3606691     195 native TGGAGT 5 1
  3288   -    3606860    3607321     462 native CAGAGT 5 1
  3289   -    3607403    3609334    1932 native ACGAGG 5 1
  3290   +    3609658    3610914    1257 native AAGAGT 8 1
  3291   -    3610965    3612314    1350 native AGGATG 5 1
  3292   -    3612462    3613112     651 native TGGATA 6 1
  3293   -    3613176    3613769     594 native AGGATC 4 1
  3294   -    3613785    3614897    1113 native GGGAGT 5 1
  3295   -    3614899    3615636     738 native TGGACC 8 1
  3296   -    3615639    3617234    1596 native TGGAGG 6 1
  3297   -    3617224    3618762    1539 native TTGAGC 5 1
  3298   -    3618759    3620021    1263 native ATGAGT 6 1
  3299   -    3620035    3621513    1479 native TGGCTA 7 1
  3300   -    3621516    3623036    1521 native AGGTGG 4 1
  3301   -    3623033    3624031     999 native ACGAGT 6 1
  3302   -    3624140    3624724     585 native AGGAGC 7 1
  3303   -    3624759    3625343     585 atypical AGAAGG 6 1
  3304   -    3625370    3628054    2685 native TGGTGG 7 1
  3305   -    3628187    3629464    1278 native GGGAGG 5 1
  3306   +    3629978    3631048    1071 native AGGTAG 7 1
  3307   +    3631239    3631904     666 atypical TGAAAA 7 1
  3308   +    3631989    3633425    1437 native ATGATC 6 1
  3309   +    3633460    3634041     582 native AGGTAT 5 1
  3310   +    3634063    3634293     231 atypical CGGAGT 8 1
  3311   +    3634304    3634888     585 atypical AGGAAA 6 1
  3312   +    3634925    3635476     552 native AAGTAA 4 1
  3313   +    3635483    3636331     849 native AGGGTA 7 1
  3314   +    3636366    3637355     990 native AGGGCA 5 1
  3315   -    3637371    3638390    1020 native TGGATT 4 1
  3316   +    3638512    3639366     855 native AGGAAG 5 1
  3317   -    3639376    3640917    1542 native AGGTGG 6 1
  3318   -    3640904    3641596     693 native ACGATT 8 1
  3319   -    3641603    3642463     861 native AGGAAA 6 1
  3320   -    3642497    3643609    1113 native AGGTGC 4 1
  3321   -    3643606    3644670    1065 native TTGAGG 5 1
  3322   -    3644776    3645195     420 native AGGCCA 7 1
  3323   -    3645340    3646254     915 native AAGTAT 4 1
  3324   -    3646244    3646657     414 native AGGTTT 4 1
  3325   +    3647496    3647738     243 native TGGAGC 6 1
  3326   +    3648003    3648104     102 native AGGTAC 5 1
  3327   -    3648158    3651319    3162 native AGGATG 5 1
  3328   -    3651664    3651828     165 native TAGATT 7 1
  3329   -    3651839    3652552     714 atypical AGGTAT 9 1
  3330   -    3652571    3653170     600 atypical AGGCGG 8 1
  3331   -    3653174    3654001     828 native TGGAGG 7 1
  3332   -    3654064    3655740    1677 atypical CGGGGT 6 1
  3333   -    3655730    3657514    1785 native GCGAAA 6 1
  3334   -    3657823    3660918    3096 native GAGAGG 5 1
  3335   -    3661078    3661668     591 native GGGAGG 7 1
  3336   -    3661803    3662852    1050 native AGGGAC 7 1
  3337   -    3663008    3664984    1977 native AGGGTT 4 1
  3338   +    3665228    3665794     567 native CGGAGT 5 1
  3339   -    3666007    3667056    1050 native AAGTCA 5 1
  3340   -    3667072    3667926     855 native TGGTAT 7 1
  3341   +    3668338    3671070    2733 native CGGAGC 6 1
  3342   +    3671165    3673072    1908 native AAGATG 6 1
  3343   -    3673145    3675181    2037 native TGGAAT 4 1
  3344   +    3675352    3676533    1182 native AGGATA 6 1
  3345   -    3676863    3677558     696 native AAGATT 5 1
  3346   -    3677568    3678578    1011 native AGGAAG 5 1
  3347   +    3678744    3679793    1050 native CAGTGA 7 1
  3348   +    3679790    3680476     687 native TGGAAA 6 1
  3349   +    3680516    3681277     762 native GGGAAT 7 1
  3350   +    3681320    3681901     582 native TGGAAT 5 1
  3351   +    3681928    3682974    1047 native AGGATA 8 1
  3352   +    3683309    3685201    1893 atypical AGGAAC 2 1
  3353   -    3685236    3685640     405 atypical AGAAGT 6 1
  3354   -    3685784    3686740     957 atypical AGGGAG 4 1
  3355   -    3686962   >3687699     738 native
  3356   -   <3688175    3689200    1026 atypical AAGAGA 4 1
  3357   -    3689960    3691840    1881 atypical AGGATT 5 1
  3358   -    3691837    3692985    1149 atypical AGGTAA 6 1
  3359   -    3692972    3694258    1287 atypical CGGTGT 6 1
  3360   -    3694275    3696635    2361 atypical TTGAGT 6 1
  3361   -    3696644    3697861    1218 atypical CGGACG 7 1
  3362   -    3698948    3699673     726 native TGGCAA 10 1
  3363   -    3699670    3700848    1179 native AGGAAT 12 1
  3364   -    3701016    3701315     300 native AGGAGG 8 1
  3365   -    3701545    3703233    1689 native AGGTAG 6 1
  3366   -    3703381    3704061     681 native AGGAAT 6 1
  3367   -    3704054    3706297    2244 native CGGTGC 4 1
  3368   -    3706294    3707412    1119 native AGGTGA 7 1
  3369   -    3707425    3708516    1092 native CGGAAT 4 1
  3370   -    3708545    3709627    1083 native ACGAGT 11 1
  3371   -    3709713    3710864    1152 native GGGCGA 6 1
  3372   -    3710861    3713536    2676 native GGGCCA 7 1
  3373   +    3713877    3715196    1320 native AGGCAA 6 1
  3374   +    3715210    3715950     741 native AGGATT 6 1
  3375   +    3715947    3716615     669 native ATGATG 7 1
  3376   +    3716715    3717458     744 native TTGAGA 7 1
  3377   +    3717708    3718685     978 native ATGAGG 6 1
  3378   -    3718790    3719641     852 native AAGATA 9 1
  3379   -    3719634    3720596     963 native TTGAGG 5 1
  3380   -    3720593    3721435     843 native GTGAGG 5 1
  3381   -    3721499    3722713    1215 native AGGAAT 4 1
  3382   -    3722795    3723811    1017 native ACGAGT 7 1
  3383   -    3723875    3724495     621 native AGGTTA 4 1
  3384   -    3724514    3725350     837 native ACGAGC 6 1
  3385   +    3725417    3726022     606 native AGAAGC 10 1
  3386   +    3726025    3726324     300 native AGGACG 7 1
  3387   +    3726355    3727020     666 native AGGTAT 5 1
  3388   -    3727022    3727339     318 native CAGAGA 8 1
  3389   +    3727364    3727948     585 native TGGAGA 6 1
  3390   -    3727940    3728815     876 native GGGAGA 11 1
  3391   +    3728941    3730977    2037 native AAGAAA 5 1
  3392   -    3731005    3731271     267 native GTGAGG 6 1
  3393   -    3731261    3731704     444 native AGGAGC 4 1
  3394   -    3731877    3733694    1818 native AGGACA 11 1
  3395   -    3733794    3734186     393 native AGGAGC 6 1
  3396   -    3734362    3734613     252 native AGGGAA 6 1
  3397   -    3734644    3735819    1176 native AGCACT 4 1
  3398   -    3735948    3737054    1107 native ACGAGA 5 1
  3399   -    3737079    3738026     948 native AGCATC 5 1
  3400   -    3738110    3739033     924 native AGGAGG 5 1
  3401   -    3739036    3739917     882 native AGGAAA 8 1
  3402   +    3740048    3742015    1968 native TTGAGC 11 1
  3403   -    3741996    3742847     852 native ATGAGG 6 1
  3404   -    3742831    3743310     480 native AGGTAT 4 1
  3405   -    3743412    3744776    1365 native AGGATG 4 1
  3406   -    3744860    3746077    1218 native AGGATG 3 1
  3407   +    3746143    3746493     351 native AGCAGA 4 1
  3408   +    3746493    3747095     603 native TGGAAA 7 1
  3409   +    3747092    3747481     390 native AGGAGC 6 1
  3410   +    3747495    3747938     444 native AGGAAT 4 1
  3411   -    3748014    3748247     234 native AAGAGA 7 1
  3412   +    3748386    3750704    2319 native TGGTGT 6 1
  3413   +    3750847    3751515     669 native AGGACT 3 1
  3414   +    3751537    3753951    2415 native AAGAGA 9 1
  3415   +    3753952    3754581     630 native AGAATC 5 1
  3416   -    3754590    3755957    1368 native AGGAAA 6 1
  3417   -    3755990    3756469     480 native GGGAAT 13 1
  3418   -    3756554    3757159     606 native TGGAGA 5 1
  3419   -    3757253    3757648     396 native TGGAAC 5 1
  3420   +    3757813    3758934    1122 native CGGCAT 7 1
  3421   -    3758957    3760333    1377 native CGGATG 6 1
  3422   -    3760326    3761705    1380 native GGGTGG 6 1
  3423   -    3761884    3762999    1116 native AGGATT 6 1
  3424   -    3763219    3763485     267 native GGGAAA 5 1
  3425   -    3763482    3764276     795 native AGGAAT 4 1
  3426   +    3764536    3764781     246 native ATGAGG 5 1
  3427   -    3764901    3765368     468 native AGGTGG 4 1
  3428   +    3765691    3767133    1443 native AAGAGA 7 1
  3429   +    3767299    3768057     759 native AGGTAA 4 1
  3430   +    3768059    3769390    1332 native CGGAGC 8 1
  3431   +    3769387    3770610    1224 native GGGAGA 6 1
  3432   +    3770629    3770988     360 native AGGAAA 4 1
  3433   +    3771065    3771592     528 native TGGAGA 5 1
  3434   +    3771714    3772970    1257 native CGGGTT 4 1
  3435   +    3772967    3773632     666 native AAGTTT 10 1
  3436   -    3773659    3775659    2001 native AGGCGT 3 1
  3437   +    3775990    3779016    3027 atypical AAGAAC 6 1
  3438   +    3779142    3779489     348 native AGGACT 4 1
  3439   +    3779504    3780532    1029 native AGGAAT 4 1
  3440   -    3781032    3782183    1152 native AGGAGA 4 1
  3441   -    3782357    3782755     399 native TTGAGT 7 1
  3442   +    3782919    3783554     636 native AGCATC 7 1
  3443   +    3783581    3783985     405 native AGGATT 5 1
  3444   +    3784094    3785959    1866 native AGGATT 6 1
  3445   -    3785972    3787087    1116 native TAGAGA 6 1
  3446   -    3787129    3788133    1005 native TCGTTG 5 1
  3447   -    3788229    3788678     450 native AGGTGG 4 1
  3448   -    3788826    3789677     852 native AGGTAA 3 1
  3449   +    3789805    3790317     513 native AGCAGC 5 1
  3450   -    3790337    3791110     774 native ACGAGG 5 1
  3451   +    3791249    3792142     894 native TGGAAT 5 1
  3452   +    3792250    3793872    1623 native GAGAGT 5 1
  3453   +    3793994    3794227     234 native AGGATC 5 1
  3454   +    3794317    3794826     510 native TGGCCA 8 1
  3455   -    3794831    3795046     216 native AGGAAA 6 1
  3456   -    3795114    3795830     717 native AGGAAT 7 1
  3457   +    3796065    3796940     876 native AGAATA 9 1
  3458   -    3797043    3798935    1893 atypical TGGAGA 8 1
  3459   +    3799654    3800664    1011 native AGAAGC 7 1
  3460   -    3800758    3801474     717 native CAGAGA 7 1
  3461   -    3801679    3802029     351 atypical AAGCGC 10 1
  3462   -    3802211    3802771     561 atypical AGGTTT 4 1
  3463   +    3802920    3803927    1008 native AGGAGG 5 1
  3464   -    3804280    3804897     618 atypical AGGAGG 4 1
  3465   -    3804946    3805674     729 atypical TCGAAA 4 1
  3466   -    3805725    3807335    1611 native TGGTAT 11 1
  3467   -    3807359    3807715     357 native AGGACT 5 1
  3468   -    3807702    3808001     300 native ACGAGA 6 1
  3469   -    3808204    3808512     309 native AGGTGC 5 1
  3470   -    3808669    3809775    1107 atypical AGAAGT 6 1
  3471   -    3810140    3810493     354 native AGGTGA 9 1
  3472   -    3810477    3810737     261 atypical TGGAGG 5 1
  3473   -    3810924    3812144    1221 native TGGAGA 5 1
  3474   -    3812297    3813241     945 native AGGACG 2 1
  3475   +    3813408    3814442    1035 native AGGTTA 7 1
  3476   +    3814458    3815123     666 native AGGGCA 4 1
  3477   +    3815234    3815614     381 native TTGAGC 7 1
  3478   -    3815641    3815946     306 native AGGGAA 5 1
  3479   -    3815982    3816461     480 native TTGTGG 5 1
  3480   +    3816579    3817484     906 native TGGAGC 5 1
  3481   -    3817550    3818539     990 native AGGTAT 3 1
  3482   -    3818631    3819038     408 native AGGTGC 4 1
  3483   -    3819127    3820062     936 native TAGTGG 6 1
  3484   -    3820192    3820890     699 native AGGAGG 7 1
  3485   -    3821076    3822374    1299 native AGGAGA 7 1
  3486   -    3822472    3823665    1194 native TGGATT 5 1
  3487   +    3823875    3824384     510 native AGGACA 4 1
  3488   +    3824515    3825417     903 native TGGCCA 6 1
  3489   +    3825500    3826435     936 native AGGGGT 6 1
  3490   -    3826401    3826850     450 native AGGAGC 4 1
  3491   -    3826906    3828276    1371 native AGGTGA 6 1
  3492   -    3828315    3829088     774 native GGGAGT 8 1
  3493   -    3829088    3829996     909 native CAGAGT 5 1
  3494   -    3830034    3830984     951 native GCGAGA 7 1
  3495   -    3831133    3832107     975 native GGGAGT 6 1
  3496   +    3832427    3832546     120 native AGGGGA 4 1
  3497   +    3832841    3833605     765 native AGGAAA 5 1
  3498   +    3833617    3834255     639 native AGGAGA 6 1
  3499   +    3834367    3837999    3633 native GAGACA 5 1
  3500   +    3838187    3838942     756 native AGGAGC 4 1
  3501   -    3839011    3840051    1041 native TGGAGA 5 1
  3502   -    3840275    3841375    1101 native TGGAGA 7 1
  3503   -    3841616    3842734    1119 native AGGGTA 6 1
  3504   -    3842746    3843873    1128 native GGGAAG 9 1
  3505   -    3844570    3846171    1602 native AGGATT 5 1
  3506   +    3846474    3848153    1680 native TAGATA 6 1
  3507   -    3848137    3849078     942 native GGGAGA 5 1
  3508   -    3849068    3849622     555 atypical TGGAGG 7 1
  3509   -    3849623    3850981    1359 native GTGAGT 7 1
  3510   -    3851203    3852399    1197 native AGAATT 7 1
  3511   +    3852503    3853306     804 native AGGTAC 3 1
  3512   -    3853310    3853948     639 native CTGAGT 9 1
  3513   -    3853938    3855077    1140 native GGGATT 10 1
  3514   -    3855079    3855849     771 native TGGAGC 4 1
  3515   -    3855846    3856310     465 native AGGTAA 6 1
  3516   -    3856310    3857332    1023 native AGGATT 4 1
  3517   -    3857358    3857852     495 native AGGAGT 5 1
  3518   -    3857883    3860441    2559 native TGGATT 9 1
  3519   -    3860473    3861813    1341 native CGGAGT 5 1
  3520   -    3861810    3862988    1179 native TGGGGT 8 1
  3521   -    3862985    3863830     846 native AGGATG 9 1
  3522   -    3863823    3864590     768 native CGGCGG 6 1
  3523   -    3864606    3865163     558 native AGGAAT 6 1
  3524   -    3865168    3865899     732 native TGGAGA 6 1
  3525   -    3866008    3866862     855 native AGGAAG 6 1
  3526   -    3866947    3867693     747 native AGGTAA 5 1
  3527   +    3867987    3868766     780 native AGGTCG 10 1
  3528   +    3868763    3871462    2700 native AAGAGC 10 1
  3529   +    3871569    3872411     843 native AGGAGG 4 1
  3530   -    3872438    3873817    1380 native TGGCCA 6 1
  3531   +    3873959    3874777     819 native TAGAGT 5 1
  3532   +    3875009    3875467     459 native TGGAAC 5 1
# scaffold1_cov273	total_logodd	288250	average_length	992	average_density	0.91

# sequence-region 1 160
SequenceID: scaffold2_cov352
  3533   -   <1   >159     159 native
# scaffold2_cov352	total_logodd	15.1002	average_length	159	average_density	6.25

# sequence-region 1 251
SequenceID: scaffold3_cov391
  3534   -   <2    226     225 native CCGAGC 7 1
# scaffold3_cov391	total_logodd	9.84283	average_length	225	average_density	3.98

# sequence-region 1 3378
SequenceID: scaffold4_cov264
  3535   -    114    524     411 native CGGTCA 5 1
  3536   +    628    825     198 native AAGTAA 6 1
  3537   -    872    1075     204 native CGGAGT 6 1
  3538   +    1187    2029     843 native AAGTGA 6 1
  3539   +    2378    3349     972 atypical TCGAGT 4 1
# scaffold4_cov264	total_logodd	111.049	average_length	526	average_density	1.48

# sequence-region 1 1294
SequenceID: scaffold5_cov434
  3540   +    134   >1294    1161 native TGGATT 10 1
# scaffold5_cov434	total_logodd	86.8795	average_length	1161	average_density	0.77

# sequence-region 1 4666
SequenceID: scaffold6_cov248
  3541   -    43    552     510 native ACGCTC 7 1
  3542   -    870    1298     429 atypical AGGGGA 4 1
  3543   -    1295    2179     885 atypical TTGACG 5 1
  3544   -    2236    2517     282 native CGCAAT 6 1
  3545   -    2796    3080     285 atypical AGCTAG 5 1
  3546   -    3086    3547     462 atypical TTGAGC 7 1
  3547   -    3544   >4665    1122 atypical
# scaffold6_cov248	total_logodd	242.28	average_length	568	average_density	1.50

# sequence-region 1 448
SequenceID: scaffold7_cov387
  3548   -   <1   >447     447 native
# scaffold7_cov387	total_logodd	52.014	average_length	447	average_density	2.23

# sequence-region 1 120
SequenceID: scaffold8_cov78
  3549   +   <3    110     108 atypical
# scaffold8_cov78	total_logodd	0.519517	average_length	108	average_density	8.33

# sequence-region 1 115
SequenceID: scaffold9_cov225
# scaffold9_cov225	total_logodd	0	average_length	0	average_density	0.00

# sequence-region 1 122
SequenceID: scaffold10_cov235
# scaffold10_cov235	total_logodd	0	average_length	0	average_density	0.00

# sequence-region 1 121
SequenceID: scaffold11_cov59
# scaffold11_cov59	total_logodd	0	average_length	0	average_density	0.00

# sequence-region 1 121
SequenceID: scaffold12_cov68
  3550   +   <1    111     111 atypical
# scaffold12_cov68	total_logodd	4.5331	average_length	111	average_density	8.26

# sequence-region 1 122
SequenceID: scaffold13_cov108
# scaffold13_cov108	total_logodd	0	average_length	0	average_density	0.00

# sequence-region 1 122
SequenceID: scaffold14_cov68
# scaffold14_cov68	total_logodd	0	average_length	0	average_density	0.00

# sequence-region 1 3086
SequenceID: scaffold15_cov415
  3551   -    37    282     246 native GGGATT 6 1
  3552   -    300    605     306 native AGGTGT 3 1
  3553   -    638    1816    1179 atypical TGGCAA 7 1
  3554   -    1894    2622     729 atypical TCGAAA 4 1
  3555   -    2757   >3086     330 native
# scaffold15_cov415	total_logodd	95.4793	average_length	558	average_density	1.62

# sequence-region 1 106
SequenceID: scaffold16_cov68
# scaffold16_cov68	total_logodd	0	average_length	0	average_density	0.00

# sequence-region 1 352
SequenceID: scaffold17_cov359
  3556   -    103   >351     249 atypical
# scaffold17_cov359	total_logodd	1.9723	average_length	249	average_density	2.84

# sequence-region 1 673
SequenceID: scaffold18_cov284
  3557   -    24   >671     648 atypical
# scaffold18_cov284	total_logodd	29.2583	average_length	648	average_density	1.49

# sequence-region 1 106
SequenceID: scaffold19_cov68
  3558   +   <1    96      96 atypical
# scaffold19_cov68	total_logodd	0.142201	average_length	96	average_density	9.43

# sequence-region 1 336
SequenceID: scaffold20_cov577
  3559   +    31   >336     306 native TGGTAT 11 1
# scaffold20_cov577	total_logodd	32.758	average_length	306	average_density	2.98

# sequence-region 1 2302
SequenceID: scaffold21_cov444
  3560   -   <1   >2301    2301 native
# scaffold21_cov444	total_logodd	251.275	average_length	2301	average_density	0.43

# sequence-region 1 126
SequenceID: scaffold22_cov78
# scaffold22_cov78	total_logodd	0	average_length	0	average_density	0.00

# sequence-region 1 484
SequenceID: scaffold23_cov430
  3561   -   <1   >483     483 native
# scaffold23_cov430	total_logodd	40.4001	average_length	483	average_density	2.07

# sequence-region 1 107
SequenceID: scaffold24_cov78
  3562   +   <1   >105     105 native
# scaffold24_cov78	total_logodd	0.372762	average_length	105	average_density	9.35

# sequence-region 1 107
SequenceID: scaffold25_cov68
# scaffold25_cov68	total_logodd	0	average_length	0	average_density	0.00

# sequence-region 1 195
SequenceID: scaffold26_cov108
# scaffold26_cov108	total_logodd	0	average_length	0	average_density	0.00

# sequence-region 1 165
SequenceID: scaffold27_cov518
# scaffold27_cov518	total_logodd	0	average_length	0	average_density	0.00

# sequence-region 1 369
SequenceID: scaffold28_cov205
# scaffold28_cov205	total_logodd	0	average_length	0	average_density	0.00

# sequence-region 1 122
SequenceID: scaffold29_cov548
# scaffold29_cov548	total_logodd	0	average_length	0	average_density	0.00

# sequence-region 1 107
SequenceID: scaffold30_cov59
# scaffold30_cov59	total_logodd	0	average_length	0	average_density	0.00

# sequence-region 1 167
SequenceID: scaffold31_cov98
# scaffold31_cov98	total_logodd	0	average_length	0	average_density	0.00

# sequence-region 1 115
SequenceID: scaffold32_cov284
  3563   +   <1   >114     114 native
# scaffold32_cov284	total_logodd	5.82162	average_length	114	average_density	8.70

# sequence-region 1 118
SequenceID: scaffold33_cov108
  3564   +   <3   >116     114 atypical
# scaffold33_cov108	total_logodd	0.993573	average_length	114	average_density	8.47

# sequence-region 1 118
SequenceID: scaffold34_cov68
# scaffold34_cov68	total_logodd	0	average_length	0	average_density	0.00

# sequence-region 1 942
SequenceID: scaffold35_cov137
# scaffold35_cov137	total_logodd	0	average_length	0	average_density	0.00

# sequence-region 1 565
SequenceID: scaffold36_cov457
  3565   -   <1    519     519 native CGGATT 11 1
# scaffold36_cov457	total_logodd	67.5117	average_length	519	average_density	1.77

# sequence-region 1 1602
SequenceID: scaffold37_cov257
  3566   -    41    685     645 native AGGAGG 5 1
  3567   +    821    1195     375 atypical TGGGCG 4 1
  3568   -    1496   >1600     105 native
# scaffold37_cov257	total_logodd	52.2356	average_length	375	average_density	1.87

# sequence-region 1 1668
SequenceID: scaffold38_cov535
  3569   -   <1    1659    1659 native TAGATA 2 1
# scaffold38_cov535	total_logodd	182.898	average_length	1659	average_density	0.60

# sequence-region 1 121
SequenceID: scaffold39_cov293
  3570   +    28   >120      93 native TGGTAG 6 1
# scaffold39_cov293	total_logodd	2.62499	average_length	93	average_density	8.26

# sequence-region 1 491
SequenceID: scaffold40_cov261
  3571   +   <1    114     114 native
  3572   +    175    450     276 native AGGAGG 5 1
# scaffold40_cov261	total_logodd	44.1145	average_length	195	average_density	4.07

# sequence-region 1 845
SequenceID: scaffold41_cov273
  3573   -   <2    166     165 native AGCAAG 5 1
  3574   -    372    728     357 native AGGACT 5 1
  3575   -    715   >843     129 native
# scaffold41_cov273	total_logodd	40.7026	average_length	217	average_density	3.55

# sequence-region 1 3341
SequenceID: scaffold42_cov331
  3576   -   <1    408     408 native AGGGTA 5 1
  3577   +    719    2809    2091 native CCGAGT 6 1
  3578   -    2945   >3340     396 native
# scaffold42_cov331	total_logodd	304.987	average_length	965	average_density	0.90

# sequence-region 1 157
SequenceID: scaffold43_cov518
  3579   -   <1   >156     156 native
# scaffold43_cov518	total_logodd	5.11089	average_length	156	average_density	6.37

# sequence-region 1 154
SequenceID: scaffold44_cov1780
  3580   -   <3   >152     150 native
# scaffold44_cov1780	total_logodd	10.3544	average_length	150	average_density	6.49

# sequence-region 1 181
SequenceID: scaffold45_cov773
  3581   -   <1   >180     180 native
# scaffold45_cov773	total_logodd	11.3464	average_length	180	average_density	5.52

# sequence-region 1 145
SequenceID: scaffold46_cov1301
  3582   -   <1   >144     144 native
# scaffold46_cov1301	total_logodd	4.92427	average_length	144	average_density	6.90

# sequence-region 1 225
SequenceID: scaffold47_cov792
  3583   -   <1    204     204 native ATGACA 5 1
# scaffold47_cov792	total_logodd	35.5606	average_length	204	average_density	4.44

# sequence-region 1 1167
SequenceID: scaffold48_cov557
  3584   -   <3    701     699 native AGGTTA 11 1
  3585   -    830   >1165     336 native
# scaffold48_cov557	total_logodd	56.4451	average_length	518	average_density	1.71

# sequence-region 1 151
SequenceID: scaffold49_cov1907
  3586   +   <2    112     111 native
# scaffold49_cov1907	total_logodd	2.89714	average_length	111	average_density	6.62

# sequence-region 1 369
SequenceID: scaffold50_cov1956
  3587   +   <2   >367     366 native
# scaffold50_cov1956	total_logodd	30.2644	average_length	366	average_density	2.71

# sequence-region 1 185
SequenceID: scaffold51_cov880
  3588   +   <1   >183     183 atypical
# scaffold51_cov880	total_logodd	3.10465	average_length	183	average_density	5.41

# sequence-region 1 203
SequenceID: scaffold52_cov1526
  3589   +    10   >201     192 atypical TGGCAA 3 1
# scaffold52_cov1526	total_logodd	9.19413	average_length	192	average_density	4.93

# sequence-region 1 390
SequenceID: scaffold53_cov900
  3590   -   <1   >390     390 native
# scaffold53_cov900	total_logodd	42.7232	average_length	390	average_density	2.56

# sequence-region 1 106
SequenceID: scaffold54_cov626
  3591   -   <3   >104     102 native
# scaffold54_cov626	total_logodd	1.977	average_length	102	average_density	9.43

# sequence-region 1 349
SequenceID: scaffold55_cov665
  3592   -   <1   >348     348 native
# scaffold55_cov665	total_logodd	33.8299	average_length	348	average_density	2.87

# sequence-region 1 106
SequenceID: scaffold56_cov861
  3593   -   <3   >104     102 native
# scaffold56_cov861	total_logodd	2.5334	average_length	102	average_density	9.43

# sequence-region 1 110
SequenceID: scaffold57_cov2171
# scaffold57_cov2171	total_logodd	0	average_length	0	average_density	0.00

# sequence-region 1 202
SequenceID: scaffold58_cov1271
# scaffold58_cov1271	total_logodd	0	average_length	0	average_density	0.00

# sequence-region 1 110
SequenceID: scaffold59_cov988
  3594   +   <3   >110     108 native
# scaffold59_cov988	total_logodd	2.02071	average_length	108	average_density	9.09

# sequence-region 1 523
SequenceID: scaffold60_cov1115
  3595   -   <1   >522     522 native
# scaffold60_cov1115	total_logodd	48.7828	average_length	522	average_density	1.91

# sequence-region 1 140
SequenceID: scaffold61_cov1046
  3596   -   <1    111     111 native AGGGCT 5 1
# scaffold61_cov1046	total_logodd	14.9275	average_length	111	average_density	7.14

# sequence-region 1 353
SequenceID: scaffold62_cov1438
  3597   +   <3   >353     351 native
# scaffold62_cov1438	total_logodd	31.1597	average_length	351	average_density	2.83

# sequence-region 1 1047
SequenceID: scaffold63_cov665
  3598   +   <1    117     117 native
# scaffold63_cov665	total_logodd	4.57606	average_length	117	average_density	0.96

# sequence-region 1 133
SequenceID: scaffold64_cov577
  3599   -   <1   >132     132 native
# scaffold64_cov577	total_logodd	5.70496	average_length	132	average_density	7.52

# sequence-region 1 1811
SequenceID: scaffold65_cov675
# scaffold65_cov675	total_logodd	0	average_length	0	average_density	0.00

# sequence-region 1 219
SequenceID: scaffold66_cov704
# scaffold66_cov704	total_logodd	0	average_length	0	average_density	0.00

# sequence-region 1 100
SequenceID: scaffold67_cov1408
  3600   -   <1   >99      99 native
# scaffold67_cov1408	total_logodd	6.72446	average_length	99	average_density	10.00

# sequence-region 1 146
SequenceID: scaffold68_cov587
  3601   +    36   >146     111 native GCGAGA 6 1
# scaffold68_cov587	total_logodd	7.66518	average_length	111	average_density	6.85

# sequence-region 1 261
SequenceID: scaffold69_cov616
  3602   -   <2   >259     258 native
# scaffold69_cov616	total_logodd	7.39072	average_length	258	average_density	3.83

# sequence-region 1 1395
SequenceID: scaffold70_cov665
  3603   +   <1    90      90 native
# scaffold70_cov665	total_logodd	1.05054	average_length	90	average_density	0.72

# sequence-region 1 327
SequenceID: scaffold71_cov851
  3604   -   <3   >326     324 native
# scaffold71_cov851	total_logodd	34.169	average_length	324	average_density	3.06

# sequence-region 1 209
SequenceID: scaffold72_cov1134
  3605   -   <3   >209     207 native
# scaffold72_cov1134	total_logodd	16.1403	average_length	207	average_density	4.78

# sequence-region 1 357
SequenceID: scaffold73_cov821
  3606   -   <3   >356     354 native
# scaffold73_cov821	total_logodd	35.6732	average_length	354	average_density	2.80

# sequence-region 1 267
SequenceID: scaffold74_cov1213
  3607   +   <2   >265     264 native
# scaffold74_cov1213	total_logodd	22.693	average_length	264	average_density	3.75

# sequence-region 1 145
SequenceID: scaffold75_cov1711
# scaffold75_cov1711	total_logodd	0	average_length	0	average_density	0.00

# sequence-region 1 187
SequenceID: scaffold76_cov1496
  3608   -   <1   >186     186 native
# scaffold76_cov1496	total_logodd	11.358	average_length	186	average_density	5.35

# sequence-region 1 456
SequenceID: scaffold77_cov919
  3609   -   <1   >456     456 native
# scaffold77_cov919	total_logodd	41.5652	average_length	456	average_density	2.19

# sequence-region 1 148
SequenceID: scaffold78_cov1408
  3610   -   <1   >147     147 native
# scaffold78_cov1408	total_logodd	9.37867	average_length	147	average_density	6.76

# sequence-region 1 104
SequenceID: scaffold79_cov2679
  3611   -   <3   >104     102 native
# scaffold79_cov2679	total_logodd	2.01066	average_length	102	average_density	9.62

# sequence-region 1 177
SequenceID: scaffold80_cov597
  3612   -   <2   >175     174 native
# scaffold80_cov597	total_logodd	10.1286	average_length	174	average_density	5.65

# output date end: Fri Oct 25 12:09:04 2024
# Done with file: scaffolds.fasta
